site,mutation,logKa
216,A,6.49014889577296
216,C,6.51746067160793
216,D,6.4966987203566
216,F,6.45051755516797
216,G,6.43697046924278
216,H,6.50996860535319
216,I,6.50204524886878
216,K,6.50556222928097
216,L,6.62361804016868
216,M,6.51617918385066
216,N,6.540573012939
216,P,6.57463820605687
216,Q,6.55537450448571
216,R,6.66743391550625
216,S,6.50147040034072
216,T,6.51142774899252
216,V,6.58235628450796
216,W,6.51232904582917
216,Y,6.59079660435603
217,A,6.48897382024345
217,C,6.38211201235999
217,D,6.34283872026251
217,E,6.32311600523332
217,F,6.4057831181253
217,G,6.4609714421704
217,H,6.55718708589327
217,I,6.42458407605467
217,K,6.61935355450237
217,L,6.52625172617873
217,M,6.45061619009263
217,N,6.57695938762492
217,Q,6.57678552421501
217,R,6.60361683501683
217,S,6.39843135541379
217,T,6.39456803675245
217,V,6.63543398892946
217,W,6.36741138059702
217,Y,6.33385261027442
218,A,6.31867521367521
218,C,6.2098712915889
218,D,6.15073054802985
218,E,6.21154814708828
218,F,6.0725494325235
218,G,6.29466218885816
218,H,6.40486513994911
218,I,6.26113749714024
218,L,6.09862185453292
218,M,6.23526419067675
218,N,6.28728762154895
218,P,6.21627236906912
218,Q,6.17341389980764
218,R,6.40660736482287
218,S,6.30636689038031
218,T,6.29409512195122
218,V,6.35325879722255
218,W,6.17563333988819
218,Y,6.28939665182891
219,A,6.58612134762162
219,C,6.37656056444229
219,D,6.42005882352941
219,E,6.35888549119734
219,F,6.35135663093804
219,G,6.45075053320585
219,H,6.42203641561024
219,I,6.51081804631965
219,K,6.29754269054561
219,L,6.48525089010206
219,M,6.3854455017301
219,N,6.48224409895597
219,P,6.5021419968686
219,Q,6.46554275842211
219,R,6.56143174250832
219,T,6.3807265827152
219,V,6.36678445631178
219,W,6.43756885413125
219,Y,6.2
220,A,6.44413081497027
220,D,6.2933420122745
220,E,6.30790735231619
220,F,6.62827263662694
220,G,6.51754147474067
220,H,6.46941097345133
220,I,6.57025620977927
220,K,6.55359581814694
220,L,6.62418180638464
220,M,6.65242249508174
220,N,6.50960689931809
220,P,6.43643133915265
220,Q,6.51359914913732
220,R,6.28370806681699
220,S,6.49776711452335
220,T,6.49056014109347
220,V,6.51214529211238
220,W,6.45532750608542
220,Y,6.47691865061934
221,A,6.4765605815832
221,C,6.50805486820871
221,E,6.49099083111506
221,F,6.40964505352669
221,G,6.54318443472254
221,H,6.30971448645887
221,I,6.58745393004889
221,K,6.42603987371881
221,L,6.45545819432861
221,M,6.55577570518653
221,N,6.40831566701138
221,P,6.41357712765957
221,Q,6.50102090032154
221,R,6.62705546875
221,S,6.47972052319563
221,T,6.40530631092868
221,V,6.48289227235246
221,W,6.58935447096544
221,Y,6.478629516108
222,A,6.3346459084868
222,C,6.2024823031973
222,D,6.27307174416158
222,E,6.21438329133906
222,F,6.36910505505718
222,G,6.35330962365306
222,H,6.29446240686385
222,I,6.15655252859723
222,L,6.20077438226464
222,M,6.39466845108833
222,N,6.45656147243456
222,P,6.32957252095937
222,Q,6.28789545944886
222,R,6.55799070847851
222,S,6.21270336165497
222,T,6.24363882957234
222,V,6.20757261410788
222,W,6.26050730189687
222,Y,6.30603528939981
223,A,6.40013636033945
223,C,6.23340717376953
223,D,6.4638583032491
223,E,6.38909014914866
223,F,6.42437140674627
223,G,6.4510306265805
223,H,6.58228286384977
223,I,6.39271701186875
223,K,6.44818016928658
223,L,6.47048808686036
223,M,6.53237239324727
223,N,6.36149809374299
223,P,6.45594566756792
223,Q,6.47879783986851
223,R,6.71036701797892
223,S,6.69615489439019
223,V,6.38180324711062
223,W,6.45403332317383
223,Y,6.45562561174551
224,A,6.40408689849485
224,C,6.21422369166824
224,D,6.37253047555258
224,E,6.28466505524862
224,F,6.32894018376909
224,G,6.4827871741752
224,I,6.46639474280535
224,K,6.41448393378773
224,L,6.37284197773034
224,M,6.4697631447528
224,N,6.36623279333271
224,P,6.3872661787808
224,Q,6.55956269712727
224,R,6.39200469851214
224,S,6.32769314109509
224,T,6.37032713579666
224,V,6.31622745587107
224,W,6.45587094004865
224,Y,6.34100857337953
225,A,6.521096768956
225,C,6.62474852409501
225,D,6.54177066965956
225,E,6.46936916901714
225,F,6.35779285424579
225,G,6.70034277198212
225,H,6.55909987966306
225,I,6.45834981415247
225,K,6.62348802837718
225,L,6.62434314221676
225,M,6.67427681473456
225,N,6.54039134805366
225,P,6.5910719819103
225,Q,6.4067014130183
225,S,6.31906451612903
225,V,6.37195400615204
225,W,6.27741292409539
225,Y,6.43148068283917
226,A,6.21060232660712
226,D,6.1276218892839
226,E,6.22980546202768
226,F,6.45918428608718
226,G,6.09751616806442
226,H,6.15966672552309
226,I,6.28028694237918
226,K,6.25252493535279
226,L,6.43736098949212
226,M,6.37702646744194
226,N,6.27782087074625
226,P,6.40368365387292
226,Q,6.33554581078559
226,R,6.23908284023669
226,S,6.17385917628232
226,T,6.11828675073415
226,V,6.39979503307667
226,W,6.60120049761559
226,Y,6.48174291938998
227,A,6.35949483529472
227,C,6.22543112775697
227,D,6.42476285460993
227,E,6.50323551421851
227,F,6.53769930498773
227,G,6.325859375
227,H,6.51695802435996
227,I,6.40171647727273
227,K,6.24301792663053
227,L,6.52108765454881
227,M,6.3199478722396
227,N,6.39993412828157
227,Q,6.42065843150711
227,R,6.30016553727009
227,S,6.447442090469
227,T,6.23430106813508
227,V,6.61988072887907
227,W,6.54116866321808
227,Y,6.47944027393652
228,A,6.39002760590195
228,C,6.25977888867526
228,D,6.30936052283256
228,E,6.40962433989438
228,F,6.34409340561993
228,G,6.33199457452884
228,H,6.41451125958921
228,I,6.43932937231602
228,K,6.38565129537418
228,L,6.61257782632441
228,M,6.46454191562557
228,N,6.32248750535485
228,Q,6.30570863807077
228,R,6.3570548586407
228,S,6.51346393507401
228,T,6.33797626752967
228,V,6.3648158780986
228,W,6.30419843258517
228,Y,6.47134802623539
229,A,6.02252963143367
229,D,5.85737246873963
229,E,5.93644544924154
229,F,6.13106780608578
229,G,5.92622389120967
229,H,5.84755903922492
229,I,6.07764781031223
229,K,5.88104633608176
229,L,6.02600633791931
229,M,5.95280913043478
229,N,5.93043180046765
229,P,6.11964036570042
229,Q,5.95945692883895
229,R,6.01378019288482
229,S,5.92800634855621
229,T,5.92152546429255
229,V,6.22998176462337
229,W,6.15681580443434
229,Y,6.16671503352007
230,A,6.37737767959417
230,C,6.02156257775566
230,D,6.32299162102701
230,E,6.21583333333333
230,F,6.07946472903421
230,G,6.27357043526631
230,H,6.08727922110936
230,I,6.15820625549554
230,K,6.18249091038711
230,L,6.10300527965682
230,M,6.29209869815319
230,N,6.08532860280453
230,Q,6.40275283553875
230,R,6.02833388981636
230,S,6.24490352174078
230,T,6.30482511680713
230,V,6.15139161345534
230,W,6.1091808154666
230,Y,6.09009761838826
231,C,6.1135961825042
231,D,6.0898849942222
231,E,6.51604492520587
231,F,6.22948226674447
231,G,6.25675803293792
231,H,6.2249318704654
231,I,6.42645405195812
231,K,6.18653927296332
231,L,6.31962394262597
231,M,6.39292244752757
231,N,6.12480435760332
231,P,6.17451590106007
231,Q,6.64212649867184
231,R,6.18126957359672
231,S,6.22133879294997
231,T,6.28143146796431
231,V,6.4580400511291
231,W,6.2478541210794996
231,Y,6.15146398366871
232,A,6.01102190233915
232,C,5.96301362619483
232,D,6.67841786355476
232,E,6.00388508557457
232,F,6.04155361194226
232,G,5.97550024535194
232,H,5.91623112714842
232,I,6.30781048333992
232,K,6.07401718845918
232,L,6.19145830826615
232,M,6.17702479338843
232,N,6.02428607214429
232,Q,6.17120606733259
232,R,5.78970566456868
232,S,6.02400554400554
232,T,5.82
232,V,6.13516125343092
232,W,6.28102127191777
232,Y,5.92680719407819
233,A,5.93773807942622
233,C,5.87758402172683
233,D,6.3075323552382
233,F,5.71831053223388
233,G,6.03768879946345
233,H,5.73746202368692
233,I,5.77538983525132
233,K,5.88585017586225
233,L,5.84669673351432
233,M,5.8972841562562
233,N,5.92627310830028
233,P,6.05573435571545
233,Q,5.88583921246924
233,R,6.10179445796975
233,S,5.69529532967033
233,T,6.15942411021814
233,V,5.7174120642178
233,W,5.93804871373837
233,Y,5.91230266830412
234,A,5.8182980966325
234,C,5.94155206564799
234,D,6.19867117274058
234,E,6.20619354110208
234,F,5.98940822844261
234,G,5.83134596491228
234,H,6.04997111031689
234,I,6.40136957676643
234,K,6.13183675072669
234,M,5.89080089153046
234,N,5.91625855154518
234,P,5.78239026006295
234,Q,5.83363721511083
234,R,5.98726812044332
234,S,5.97899005853387
234,T,5.9767141795582
234,W,6.08303191212453
234,Y,6.16380411877395
235,A,5.80100316789863
235,C,6.11247044740386
235,D,6.4318875502008
235,E,6.33484910080617
235,F,5.93769904038806
235,G,5.8908687632574
235,H,5.83830188679245
235,I,6.35744692032794
235,K,5.9193471164309
235,M,5.95278903720786
235,N,5.85249042336202
235,P,6.08350358680057
235,Q,5.95401220947337
235,R,5.90496457489879
235,S,6.06521987244042
235,T,6.08453688354745
235,V,6.24163279235553
235,W,6.0620288054222
235,Y,6.22779811804961
236,A,6.31793749056319
236,C,6.19741115518497
236,D,6.02325724680202
236,E,5.92491745931924
236,F,5.83031567194478
236,H,6.34339067762848
236,I,6.0144829416761
236,K,6.14218634440166
236,L,6.02775339185954
236,M,5.95691164095372
236,P,6.47965106278413
236,Q,5.90247295295072
236,R,5.86944102019129
236,S,5.86081608945037
236,T,6.16905747126437
236,V,6.14709972364321
236,W,6.36855340439417
236,Y,5.84506552094522
237,A,5.94994661541747
237,C,6.16296908315565
237,D,6.15245801526718
237,E,5.89014005602241
237,F,6.07035351618108
237,H,6.11996982270841
237,I,6.66
237,K,5.88299294268606
237,L,5.89
237,M,6.04637173396675
237,N,6.06705121729468
237,P,6.10629460814543
237,Q,5.94935019901098
237,R,6.27727382350141
237,S,6.6221405798176
237,T,6.19889754799468
237,V,5.97847833170414
237,W,6.28299081375498
237,Y,5.94551525618883
238,A,5.77729153427946
238,C,6.09931040730541
238,D,6.17555950752394
238,E,6.19263443033881
238,F,5.95418238052479
238,H,6.07457252950149
238,I,5.98247800461263
238,K,5.85558002824751
238,L,5.83361690583547
238,M,6.0349658330398
238,N,5.9
238,Q,6.09477845149254
238,R,6.83
238,S,5.89
238,T,6.2977498187843
238,V,5.75128115758344
238,W,6.27365105008077
238,Y,5.8584154265818
239,A,5.95854157764294
239,C,6.00528537170264
239,D,6.68926680244399
239,E,6.94500493366955
239,F,5.94722680865615
239,G,6.07222979625843
239,H,5.9578567016677
239,I,5.89980064146909
239,K,6.0488320441989
239,L,5.92837115737667
239,M,6.13967572050591
239,N,6.65063373532465
239,P,6.06431455034575
239,Q,5.89252424922082
239,R,6.03
239,T,6.31
239,V,6.06182602356943
239,W,6.52607207207207
239,Y,5.78860972637643
240,A,6.34400175968785
240,C,6.4582669447341
240,D,6.18652975460123
240,E,6.61657009724473
240,F,6.43971400176678
240,G,6.25960343488392
240,H,6.5193917936694
240,I,6.23001148648649
240,K,6.1928602383532
240,L,6.38234188709041
240,M,6.31476134005336
240,N,6.21997565251266
240,P,6.39279228637233
240,Q,6.5428291104379
240,R,6.54792103573721
240,S,6.40111711933145
240,T,6.4849474286904
240,W,6.29285442531037
240,Y,6.20561689613688
241,A,5.72567185941217
241,C,6.05722030981067
241,D,6.01870428543727
241,E,6.091534908783
241,G,5.8691694149261
241,H,6.54650127338193
241,I,6.2384697044335
241,K,5.9520553402827
241,L,6.35863940228077
241,M,6.41970179222131
241,N,6.31393647432504
241,P,6.12041547945915
241,Q,5.86012933473446
241,R,6.0023378635762
241,S,5.87687312405099
241,T,5.94943306282277
241,V,5.90317427385892
241,W,5.91961760499974
241,Y,6.43237113402062
242,F,6.949654665687
243,A,6.06580647115851
243,C,6.07478018313019
243,D,6.11086037477148
243,E,5.66510528194147
243,H,6.65680211137877
243,I,6.23677302233469
243,K,5.92500879098149
243,L,6.18952447680263
243,M,5.95291405638214
243,N,5.99236408903422
243,P,6.21886937963816
243,Q,6.09004883516132
243,R,5.89970619689858
243,S,6.09578706727629
243,T,6.07607916222932
243,V,6.18064777019036
243,W,6.29451624713959
243,Y,6.50693701212627
244,A,6.44966301383958
244,C,6.54606273932253
244,D,6.47883751996515
244,E,6.42093346470985
244,F,6.66269923307769
244,G,6.5537369174008004
244,H,6.5676087435709
244,I,6.30934597898189
244,K,6.36769927110275
244,L,6.58459082455053
244,M,6.53989439570878
244,N,6.55694140172767
244,Q,6.54304848554647
244,R,6.50624677846425
244,S,6.37906460482833
244,T,6.43342783041882
244,V,6.56324432196142
244,W,6.65065873879281
244,Y,6.41514765784114
245,A,6.52175081627777
245,C,6.65569532208938
245,D,6.18596001903855
245,E,5.9683995275358
245,F,6.30721447277003
245,G,6.39130594321463
245,H,6.51250891024949
245,I,6.22644031896337
245,K,6.25451354062186
245,L,6.33786116402116
245,M,6.43141712626996
245,N,6.16
245,Q,6.33318014512567
245,R,6.03031899743663
245,S,6.28623966309341
245,T,6.44852348084991
245,V,6.59831887629374
245,W,6.15845378680523
245,Y,6.27375925925926
246,A,6.43627335736069
246,C,6.38995543875686
246,D,6.29778026363527
246,E,6.50570858055682
246,F,6.40838038972484
246,G,6.56274181759116
246,H,6.38575313996566
246,I,6.60685785406835
246,L,6.3743036832608
246,M,6.12186269108938
246,N,6.31362855828691
246,P,6.70419283693724
246,Q,6.4319616529886
246,R,6.40062447560829
246,S,6.32693392121599
246,T,6.52021563502436
246,V,6.5352437676532
246,W,6.5495946659625
246,Y,6.41945134575569
247,A,6.44025941030955
247,C,6.64083432528947
247,D,6.76346358792185
247,E,6.70170847419107
247,F,6.77956309219432
247,G,6.46953581016714
247,H,6.72676201887075
247,I,6.6982048253754
247,K,6.85
247,L,6.82683022467147
247,M,6.77669031349434
247,N,6.68851679695753
247,Q,6.714
247,R,6.65049528896055
247,S,6.54676854681856
247,T,6.57862694132172
247,V,6.67259189443921
247,W,6.62186402966626
247,Y,6.7586523943662
248,A,6.27810476410731
248,C,6.40001446092871
248,D,6.12210030004286
248,E,6.37512639867385
248,F,6.30130997249669
248,G,6.24696004063664
248,H,6.4305026889752
248,I,6.66579721722921
248,L,6.47276661338205
248,M,6.40806775912335
248,N,6.41631089217296
248,P,6.34127162075593
248,Q,6.26428293175588
248,R,6.30354225352113
248,S,6.33241218683117
248,T,6.46295999317581
248,V,6.48946517731404
248,W,6.34170248240089
248,Y,6.18529243937233
249,A,6.57345782201179
249,C,6.2666683897648
249,E,6.44842738804038
249,F,6.50802135678392
249,G,6.40957346657977
249,H,6.4099725895648
249,I,6.34518482957273
249,K,6.16923952209368
249,L,6.81313402061856
249,M,6.38104687704596
249,N,6.59963361835696
249,P,6.41382558492859
249,Q,6.46712410948631
249,R,6.2948620668656
249,S,6.31313996181524
249,T,6.0121992542153
249,V,6.47475115269867
249,W,6.46695083646296
249,Y,6.43702292223316
250,A,6.46466225443849
250,C,6.33634343369839
250,D,6.10635489043292
250,E,5.91465069477719
250,F,6.54153559062908
250,G,6.30489096413361
250,H,6.46044224068614
250,I,6.35448295080306
250,K,6.21291669625737
250,L,6.19197473233405
250,M,6.17622861228868
250,N,6.11445770464224
250,P,6.45811728916681
250,Q,6.15020705359034
250,R,6.26015636302933
250,S,6.25394034882017
250,V,6.30548894583159
250,W,6.35631322751323
250,Y,6.68105704936691
251,A,6.44574477463909
251,C,6.28063542701742
251,D,6.04646935233397
251,E,6.0929509360878
251,F,6.5816366338473
251,G,5.91336393584274
251,H,6.35989112903226
251,I,6.24867750239766
251,K,6.07695376368104
251,M,6.52045463072979
251,N,6.60378496750494
251,P,6.1497526560425
251,Q,5.91964907445685
251,R,6.1294840961986
251,S,6.42852338784158
251,T,6.5762095970383
251,V,6.50376966585864
251,W,6.47662643558154
251,Y,6.58859977020299
252,A,6.39003803637228
252,C,6.76355756547956
252,D,6.33805234272237
252,E,6.25132341369197
252,F,6.14958001512657
252,G,6.3718316277127
252,H,6.4084191588037704
252,I,6.4144145781519
252,K,6.28944939228835
252,L,6.32355793727488
252,N,6.38069574700109
252,P,5.99640293825082
252,Q,6.51713962821163
252,R,6.36543990245781
252,S,6.34617503096067
252,T,6.38791373015199
252,V,6.38506916612799
252,W,6.24175520148751
252,Y,6.00161656746032
253,A,6.50236708324508
253,C,6.1920826369545
253,D,6.36855164249778
253,E,6.43938302149374
253,F,6.48749711649366
253,G,6.06201166290444
253,H,6.22684900488619
253,K,6.50611168173103
253,L,6.40989029969191
253,M,6.36217141054956
253,N,6.51790441176471
253,P,6.27542338099243
253,Q,6.45178507386218
253,R,6.42231098685385
253,S,6.54716685330347
253,T,6.44266780311102
253,V,6.30754513730845
253,W,6.64396365941263
253,Y,6.3854824501965
254,A,6.50837759632155
254,C,6.20090346844964
254,D,6.44886054514666
254,E,6.36124941768378
254,F,6.31619426336375
254,G,6.39140892669852
254,H,6.36353715710723
254,I,6.54388181625292
254,K,6.43902532617038
254,L,6.24536729128178
254,M,6.44391885809812
254,N,6.36490898907869
254,P,6.63233400402415
254,Q,6.44741364785173
254,R,6.61223320345909
254,T,6.43923586619643
254,V,6.65981793704725
254,W,6.37429089358072
254,Y,6.55815307820299
255,A,6.47378601879912
255,C,6.55950603101666
255,D,6.55549450126894
255,E,6.77173653884363
255,F,6.49521365940286
255,G,6.42561297191057
255,H,6.33864326727172
255,I,6.65278964641773
255,K,6.44151666767135
255,L,6.40100275385759
255,M,6.66253647452762
255,N,6.3337472861485
255,P,6.25447308520455
255,Q,6.50558863012899
255,S,6.71598159890588
255,T,6.4401430993219
255,V,6.57599483204134
255,W,6.49605183400684
255,Y,6.4248101439342
256,A,6.46587258320127
256,C,6.41340008623581
256,D,6.43513213981245
256,E,6.3498501463277
256,F,6.36454595945571
256,G,6.61364760657646
256,H,6.44920510646786
256,I,6.48723668616431
256,K,6.46966537513209
256,L,6.72709805313924
256,M,6.54439488131762
256,N,6.64168349806618
256,P,6.6087007183428
256,Q,6.52972445189889
256,R,6.48295857265062
256,S,6.48260671079662
256,V,6.32554236729311
256,W,6.32637975692369
256,Y,6.41809257375381
257,A,6.52912863070539
257,C,6.37125262872261
257,D,6.2710101010101
257,E,5.68215864889125
257,F,5.90250817171497
257,G,6.40290297937357
257,H,6.00140335955773
257,I,6.4274831956981
257,K,6.13477750468922
257,L,6.2439924900668
257,M,5.93484456162443
257,N,6.28803864038973
257,Q,5.94237237324641
257,R,5.90183349945417
257,S,5.94003019019825
257,T,6.01361068633624
257,V,5.95141011406077
257,W,5.8824955266611
257,Y,5.85126532741978
258,A,6.45341530496683
258,C,6.37227854154214
258,D,6.78344957983193
258,F,6.37602085868243
258,G,6.34535964636953
258,H,6.41
258,I,6.55779987143776
258,K,6.5130826312128
258,L,6.58693280470299
258,M,6.39376137631378
258,N,6.52040685523199
258,P,6.6805730615548
258,Q,6.43547298439349
258,R,6.62246282285416
258,S,6.47256659807575
258,T,6.28123243448538
258,V,6.54650348104763
258,W,6.51905616626589
258,Y,6.52860892691952
259,A,6.51897969717825
259,C,6.65432707355243
259,D,6.47281211547563
259,E,6.27
259,F,6.32376831206771
259,G,6.6393238331714
259,H,6.40882739398766
259,I,6.54164360130617
259,K,6.23105471586034
259,L,6.48347051512222
259,M,6.29286519607843
259,N,6.47431365907359
259,P,6.41437346437346
259,Q,6.28650586701434
259,R,6.30893716970053
259,S,6.5596521395094
259,T,6.54390087195961
259,W,6.42471956173369
259,Y,6.36433936873012
260,A,6.09300205559031
260,C,6.48858702243784
260,D,6.22133692890111
260,E,6.35243147299362
260,F,6.47361431470574
260,G,6.33667893363002
260,H,6.33267495476566
260,I,6.48984058933639
260,K,6.49372297348919
260,L,6.19850104094379
260,M,6.35958713920351
260,N,6.37626901040886
260,P,6.29
260,Q,6.48841020742358
260,R,6.3981466438649
260,S,6.24188843465647
260,V,6.41626729809437
260,W,6.43150915181242
260,Y,6.27917497656183
261,A,6.3711607007317
261,D,6.28768172043011
261,E,5.89714016680118
261,F,6.28742054595806
261,G,6.2885945448167
261,H,6.37085587127696
261,I,6.2914171334195
261,K,6.18878642714571
261,M,6.48329429735234
261,N,6.32143572181243
261,P,6.33160231054185
261,Q,6.26624594799641
261,R,6.29414630366276
261,S,6.46703283920422
261,T,6.44373056419369
261,V,6.33428337540078
261,W,6.12091969715775
261,Y,6.32655588436148
262,A,6.17316757916126
262,C,6.11326781635163
262,D,6.16480900268429
262,E,5.8150496998952
262,F,6.01809671419715
262,G,5.98398777140005
262,H,6.29224281372989
262,I,6.29210085821689
262,K,5.86800471195378
262,L,6.18045365734522
262,M,5.96496885274269
262,N,6.45338024751274
262,P,6.25923563310389
262,Q,6.29110755408685
262,R,5.91281897340066
262,S,6.19557801284473
262,T,6.2823497024412
262,W,6.30531838656839
262,Y,6.30697597098383
263,A,6.24674910934503
263,C,6.36336322869955
263,D,6.18070069313169
263,E,6.11884570861584
263,F,6.09167487157534
263,G,6.18350931027268
263,H,6.41167496659784
263,I,5.97016470588235
263,L,6.03579587724737
263,M,6.03195901979787
263,N,6.00108329321136
263,P,6.05892864626991
263,Q,5.81596693699314
263,R,6.0862085442858
263,S,6.24404091456077
263,T,6.42249457700651
263,W,5.96965551425031
263,Y,6.1431242089043
264,A,6.21052288572295
264,C,6.07252592655559
264,D,5.93495702934977
264,E,6.06489904485552
264,F,5.76888025199411
264,G,5.79001214513436
264,H,5.87994021651317
264,I,6.20393881187016
264,K,6.24836195740387
264,L,6.21139774731985
264,M,6.06299515963428
264,N,6.33935810810811
264,P,5.96244952350186
264,Q,6.17028355940131
264,R,6.14291000192715
264,S,6.1463943070462
264,T,6.13516963772283
264,W,5.75598969489955
264,Y,6.12358529344599
265,A,5.78488909673971
265,C,6.22177029874129
265,E,6.27072637640695
265,F,6.6240814257961
265,G,6.07882865006721
265,H,6.21445772755461
265,I,6.11801987611463
265,K,6.12044630564479
265,L,6.16750482840588
265,M,6.14105525523581
265,N,5.86517707567965
265,P,6.02276920283276
265,Q,6.06432728432693
265,R,5.9871305630686
265,S,6.10104237335261
265,T,6.22668029095947
265,V,5.72111667284637
265,W,5.9549794500908
265,Y,6.15531878042225
266,A,5.90249761734572
266,C,6.03581036829905
266,D,6.02885671285484
266,E,6.28556310278831
266,F,6.00972806551433
266,G,5.87731872418541
266,H,6.30112174940898
266,I,6.42514653038409
266,K,6.05201997219062
266,L,6.3255967438948
266,M,5.97363267272227
266,N,5.98793645820278
266,P,5.96854391436278
266,Q,5.99417141397369
266,R,5.96566412752863
266,S,5.98734427727784
266,W,6.04854687784453
266,Y,6.54167921495643
267,A,6.63703012048193
267,C,6.01523009254551
267,D,6.98728121111572
267,E,6.0287695018696
267,F,6.02830482512127
267,G,6.0482459216344
267,H,6.15089962037609
267,I,5.87929173263967
267,K,6.12060546649752
267,L,5.88135977877372
267,M,5.86983572762997
267,N,5.97794841063054
267,P,5.99931426125889
267,Q,6.15918136020151
267,R,6.24003137747098
267,T,5.8957034499633
267,V,5.88497234754766
267,W,5.81494444018699
267,Y,6.17489966880966
268,A,6.43164875920371
268,C,6.11735799578553
268,D,6.88344541533016
268,E,6.6751023685267
268,F,6.12283950617284
268,G,6.15588940301904
268,I,6.04578785434776
268,K,5.87718626155878
268,L,5.89277474631438
268,M,6.0176465182765
268,N,6.44172691152243
268,P,5.86021136767318
268,Q,6.50264960481746
268,R,5.99547296051418
268,S,6.6882987918672
268,T,6.17121498186268
268,V,6.06744107436506
268,W,6.07561194174444
268,Y,6.16176498780063
269,A,5.88453685148074
269,C,6.11901426289994
269,D,6.4439735491512
269,F,5.85046748729839
269,G,5.98640149591394
269,H,6.15192493025615
269,I,5.65235349597585
269,K,5.78567744418784
269,L,5.89455575585887
269,M,5.25
269,N,5.87518522000752
269,P,5.63494458829622
269,Q,5.84343724564545
269,R,6.16655381023137
269,S,6.14446745010259
269,T,5.81669822772518
269,V,6.12492386613468
269,W,6.05086778411224
269,Y,5.91010862683683
270,A,5.8430118236873
270,C,6.08474153997057
270,E,6.60096631507315
270,F,5.66089937791168
270,G,5.874787816564
270,H,5.85015125072717
270,I,5.83258656694673
270,K,5.88631787272912
270,L,5.96293767976989
270,M,6.00303313438979
270,N,5.77417004241529
270,P,6.06727109169183
270,Q,5.9504520424098
270,R,5.950100528642
270,S,5.73460548333119
270,T,6.25771607208533
270,V,5.62877714051618
270,W,6.03536294352824
270,Y,5.77182020997375
271,A,6.31067767538844
271,C,6.24050740178898
271,D,6.32150266971777
271,E,6.28388173625161
271,F,6.02287026809921
271,G,6.49072591757485
271,H,6.15418107319264
271,I,6.21300817365671
271,K,6.20015886613192
271,L,6.23196477069915
271,M,6.06123981147768
271,N,6.42613491584524
271,Q,6.2215645453537
271,R,6.40468998589563
271,S,6.12352567291218
271,T,5.67382395764394
271,V,6.04424775100817
271,W,6.12836050141208
271,Y,5.95345000545197
272,A,6.25066311751351
272,C,6.23506748425367
272,D,6.48944292080905
272,F,6.18464803530153
272,G,6.17188163814294
272,I,6.50647070565925
272,K,6.34
272,L,6.41465239868407
272,M,6.25256106293261
272,N,6.06643215637933
272,P,6.31506732685224
272,Q,6.32648636174828
272,R,6.20103763323907
272,S,6.16448937711251
272,T,6.36934145355302
272,V,6.51415422673377
272,W,6.39065562953632
272,Y,6.40976468943665
273,A,6.17866123614821
273,C,6.16242293644996
273,D,5.94
273,E,5.99632817424189
273,F,6.07687060768913
273,G,5.87203879251468
273,H,5.85758741040823
273,I,6.40596051942002
273,K,5.963283084735
273,L,6.41033615644478
273,M,5.75771056378883
273,N,5.83345884541938
273,P,6.00983830676296
273,Q,6.11933368207677
273,R,6.19977310613077
273,S,6.26369292335055
273,T,6.3616699410609
273,W,6.12270465864287
273,Y,5.93291542062151
274,A,6.45086028776438
274,C,6.44221233129589
274,D,6.5109672424541
274,E,6.48467294978197
274,F,6.45371082151105
274,G,6.71515828804348
274,H,6.49818782444549
274,I,6.57832854106763
274,L,6.60653975250042
274,M,6.47075045429989
274,N,6.39963130659767
274,P,6.67778093883357
274,Q,6.44288194215693
274,R,6.45544433970349
274,S,6.25987136698651
274,T,6.2729696287964
274,V,6.32493868718442
274,W,6.44031884889335
274,Y,6.52400334075724
275,A,6.27
275,C,6.59180231186601
275,D,6.39005751888862
275,E,6.25889400921659
275,G,6.20194014962594
275,H,6.48863727924298
275,I,6.6850787250384
275,K,6.63717111770524
275,L,6.60181547126056
275,M,6.55628154478755
275,N,6.61863810177468
275,P,6.60509492320819
275,Q,6.39625484920536
275,R,6.17392709766162
275,S,6.37055458515284
275,T,6.72220299368442
275,V,6.64238828524142
275,W,6.38784330407208
275,Y,6.44216015293118
276,A,6.43306611570248
276,C,6.34455960240876
276,D,6.4153271333007
276,E,6.32058647919877
276,F,6.31821221993219
276,G,6.43131717315747
276,H,6.37130423114769
276,I,6.25292740881549
276,K,6.25426471744086
276,L,6.09722088662371
276,M,6.3676024035739
276,P,6.03555584281282
276,Q,6.45462118615016
276,R,6.5131955051276504
276,S,6.34650317418906
276,T,6.23970242715934
276,V,6.30036798405845
276,W,6.24405007949126
276,Y,6.24866136974714
277,A,6.08208858048488
277,C,6.29920112270119
277,D,6.34555741827326
277,E,6.2887296210036
277,F,6.2867393785669
277,G,6.1114683902242
277,H,6.24699203984524
277,I,5.65756642766765
277,K,6.4964322267419
277,L,6.33427687032716
277,M,6.23334813170551
277,N,6.33069074316781
277,P,6.34214086269979
277,Q,6.23144833732001
277,R,6.48856931313361
277,S,6.34312066324232
277,T,6.14985377741673
277,V,6.20086603421015
277,Y,6.22719983257594
278,A,6.36299294705227
278,C,6.3175378778168
278,D,6.22690276336886
278,E,6.41603098591549
278,F,6.54983341465115
278,G,6.29459783616692
278,H,6.31353519420894
278,I,6.50731712353518
278,K,6.22113075441974
278,L,6.41016893327667
278,M,6.37630021400183
278,N,6.27349403018698
278,P,6.83
278,Q,6.11016654384672
278,R,6.26082180243051
278,S,6.41646467642019
278,T,6.17999612643322
278,V,6.30044743615126
278,W,5.86740081598199
279,A,6.54211476209481
279,C,6.50479287763962
279,D,6.43700673292722
279,E,6.21709840528977
279,F,6.34158184248406
279,G,6.48404305624689
279,H,6.43323955076994
279,I,6.50502398395256
279,K,6.32325484319812
279,L,6.38720508166969
279,M,6.53153595462818
279,N,6.15147061904263
279,P,6.32623508654008
279,Q,6.29016506574653
279,R,6.41348671490913
279,S,6.46464326425628
279,T,6.31870086257984
279,W,6.32615038092083
279,Y,6.21370669110908
280,A,6.66419487081705
280,C,6.38323193291129
280,E,6.40859472228624
280,F,6.27934065520743
280,G,6.50578139607354
280,H,6.56936884327258
280,I,6.22001491702405
280,K,6.28304846720329
280,L,6.37606598984772
280,M,6.44975608699419
280,N,6.42432531824611
280,P,6.04556904400607
280,Q,6.41230482095407
280,R,6.29250570939195
280,S,6.54407819765538
280,T,6.56822188043333
280,V,6.57512743175992
280,W,6.35212315783037
280,Y,6.31349554673248
281,A,6.45110521199432
281,C,6.34785116118449
281,D,6.41442837373332
281,E,6.48278211559433
281,F,6.43387092436975
281,H,6.43683577041679
281,I,6.46428059395801
281,K,6.45859133913264
281,L,6.46958344125011
281,M,6.64049539594843
281,N,6.54170912322275
281,P,6.35478530228584
281,Q,6.46130164119977
281,R,6.42768967267191
281,S,6.47588807312685
281,T,6.59709340231025
281,V,6.70749377546401
281,W,6.53714058043952
281,Y,6.48428290243643
282,A,6.24983076407507
282,C,6.47564641744548
282,D,6.38910021751817
282,E,6.39201563923474
282,F,6.36551578172449
282,G,6.4447460571111
282,H,6.22623682383387
282,I,6.50833615261724
282,K,6.52848328927492
282,L,6.5272502378687
282,M,6.4899376336422
282,N,6.49101528219095
282,P,6.39359870587556
282,Q,6.46733750958834
282,R,6.26705687746533
282,S,6.46736604455148
282,T,6.28474108884554
282,W,6.56847371436757
282,Y,6.42992239214791
283,A,6.45929541791388
283,C,6.3153305785124
283,D,6.3724202885643
283,F,6.34823775388292
283,G,6.3811566554954
283,H,6.46332306428425
283,I,6.51017263124704
283,K,6.24910681078568
283,L,6.41124459654179
283,M,6.3801135838951
283,N,6.11817027547897
283,P,6.26153503306815
283,Q,6.2114299339192
283,R,6.43900319163699
283,S,6.36371686681813
283,T,6.56353070175439
283,V,6.30621220945624
283,W,6.38470193660067
283,Y,6.29504278728606
284,A,6.42797111387306
284,C,6.46141514752866
284,D,6.52089443301705
284,E,6.5307096651446
284,F,6.60166759207848
284,G,6.50624267947621
284,H,6.5481002407529
284,I,6.44119469634515
284,K,6.43064655450268
284,L,6.43732979223725
284,M,6.45016778734368
284,N,6.34461991206921
284,P,6.33014759254779
284,Q,6.50106278625266
284,R,6.38726519894971
284,S,6.24
284,T,6.56204783748362
284,W,6.55866387524492
284,Y,6.47403215434084
285,A,6.43918168092602
285,C,6.2724810789279
285,D,6.44254781116971
285,E,6.46352349420604
285,F,6.47656698891256
285,G,6.3024621131270004
285,I,6.37933931368361
285,K,6.41604641455881
285,L,6.41545798688569
285,M,6.5267136172204
285,N,6.34040904292752
285,P,6.41053785023759
285,Q,6.31405838454785
285,R,6.47999492964888
285,S,6.48247992491396
285,T,6.51268809073724
285,V,6.48688497629873
285,W,6.55189867160952
285,Y,6.49694736842105
286,A,6.57377800260153
286,C,6.42003926242726
286,D,6.49705516254977
286,E,6.4898678546832
286,F,6.35517276653785
286,G,6.3590346811571
286,H,6.29035890073831
286,I,6.4598769098343
286,K,6.47992476616511
286,L,6.51598367291863
286,M,6.36397673373608
286,P,6.47562585592988
286,Q,6.54524313606882
286,R,6.36674463721523
286,S,6.32916266389718
286,T,6.33676303452195
286,V,6.49651254480287
286,W,6.2573402634157
286,Y,6.46195280343913
287,C,6.44911807982343
287,D,6.44498071153022
287,E,6.64808432131624
287,F,6.41634706095791
287,H,6.24903013870059
287,I,6.62054283657307
287,K,6.47800356824264
287,L,6.70903775659824
287,M,6.43921112115732
287,N,6.21912449164031
287,P,6.74408023225125
287,Q,6.55005665310866
287,R,6.57051923076923
287,S,6.20729200160772
287,T,6.48092814837905
287,V,6.53372021339656
287,W,6.29786461063994
287,Y,6.47233133023764
288,A,6.47562526920316
288,C,6.35027736049537
288,D,6.59992579068261
288,E,6.54339114651608
288,F,6.33503650026838
288,G,6.44948999459167
288,H,6.46278336916162
288,I,6.41527856798985
288,L,6.36693498002179
288,M,6.46744717838994
288,N,6.58812677197246
288,P,6.3561955890888
288,Q,6.54556610576923
288,R,6.46295864910228
288,S,6.45
288,T,6.33727259357306
288,V,6.47167471410419
288,W,6.51696131668813
288,Y,6.38924350518239
289,A,6.29658515672139
289,C,6.03369065849923
289,D,6.36280750644807
289,E,6.40191586748038
289,F,6.27268296824588
289,G,6.26330819307717
289,H,6.49623207993435
289,I,6.58244502422661
289,K,6.23863882191959
289,L,6.23070106029435
289,M,6.26
289,N,6.44372331340734
289,P,6.03911189015484
289,Q,6.36217748451387
289,R,6.51554719728221
289,S,6.38501799037988
289,V,6.44842467467468
289,W,6.50168404199866
289,Y,6.28299203640501
290,A,6.70752124460714
290,C,6.68297535211268
290,D,6.72727419175647
290,E,6.65899190261399
290,F,6.65299060827782
290,G,6.65357008447772
290,H,6.55917259259259
290,I,6.53363631977614
290,L,6.41915918645608
290,M,6.39614059509309
290,N,6.61847355879388
290,P,6.41536877394636
290,Q,6.54262216615339
290,R,6.52445841606
290,S,6.57483410107484
290,T,6.86146787871393
290,V,6.48714191322223
290,W,6.71329393899379
290,Y,6.66285866780529
291,A,6.39142142346574
291,C,6.12496338318721
291,D,6.44738008815141
291,E,6.49853043478261
291,F,6.31652291547102
291,G,6.44263169164882
291,H,6.35995560488346
291,I,6.27017665797857
291,K,6.34903780846729
291,L,6.42203290783846
291,M,6.47348202542744
291,N,6.44928416231135
291,Q,6.46511174983894
291,R,6.33576184802754
291,S,6.29168585300314
291,T,6.28859811338377
291,V,6.33094139734478
291,W,6.10856274559145
291,Y,6.17947525639749
292,A,6.33732158335741
292,C,6.53229140558011
292,D,6.23056021662893
292,E,6.12534909334068
292,F,6.05887682589814
292,G,6.30696703568557
292,H,6.47473564381482
292,I,6.18999298853419
292,K,6.35912993315009
292,L,6.45974154170748
292,M,6.55305636590956
292,N,6.39100834938985
292,P,5.96702906059923
292,Q,6.48730820490039
292,S,6.4109164598842
292,T,6.43017488076312
292,V,6.21114011820001
292,W,6.13331736117053
292,Y,5.99632380695605
293,A,6.31380611581002
293,C,6.61
293,D,6.51923161691044
293,F,5.91474629764506
293,G,6.28269900590478
293,H,6.23701073492981
293,I,6.32734259092893
293,K,6.59183823529412
293,L,6.28198107338158
293,M,6.28726711059243
293,N,6.55672437609356
293,P,6.14412570256044
293,Q,6.35393476371289
293,R,6.48167715570086
293,S,6.46726091753568
293,T,6.47886264710624
293,V,6.47750731112916
293,W,5.74016925027245
294,A,6.40997223324078
294,C,6.20639157655094
294,D,6.04216252868767
294,F,5.94560317778223
294,G,6.26071399883975
294,H,6.02732683088114
294,I,6.10752868490733
294,K,6.01552327453576
294,L,6.34222803101504
294,M,6.12858950583615
294,N,6.03836423428021
294,P,6.09462044756472
294,Q,6.38375783475783
294,R,6.21590118254723
294,S,6.10463860544218
294,T,6.16800364533076
294,V,6.15171708070537
294,W,5.99467222160909
294,Y,6.04174472960587
295,A,6.33465331278891
295,C,6.67947298961816
295,D,5.97936919388672
295,E,6.61300416982562
295,F,5.90763858650142
295,G,6.17690909090909
295,H,6.07584931213914
295,I,6.48170657180645
295,K,6.11974146065295
295,L,6.57399620827409
295,M,6.40893028647127
295,N,5.99955606768149
295,P,5.98055818468632
295,R,6.01238009777833
295,S,6.04126377187297
295,T,6.55180096376723
295,V,6.30648170417454
295,W,5.80726208410451
295,Y,5.90539573530035
296,A,5.90608689996097
296,C,6.18166018821604
296,D,6.02540452926673
296,E,5.987342160037
296,F,5.97946553878689
296,G,5.76716912468876
296,H,6.33250603240262
296,I,5.9164641350211
296,K,5.66806017126978
296,L,5.97411311053985
296,M,5.89446318885717
296,N,6.12033485759551
296,P,5.89912396787694
296,Q,5.93084287788353
296,R,5.94341688227684
296,S,5.86804504436187
296,V,5.97631268181687
296,W,6.56613631739573
297,A,5.9246839119276
297,C,6.26473988683388
297,D,6.1154216152019
297,E,6.32113802640971
297,F,6.28018415548641
297,G,6.46205898366606
297,H,6.24673650221521
297,I,6.09884377384081
297,K,6.22309190371991
297,L,6.02
297,M,6.09190006494561
297,P,6.1399499939017
297,Q,6.11290303623898
297,R,6.0474188265998
297,S,5.97648845596163
297,T,6.24413261888815
297,V,5.81515285547027
297,W,6.09388085651537
297,Y,5.97652563722584
298,A,6.67179544319361
298,C,6.62520207556822
298,D,5.63189035207424
298,E,5.85687842950138
298,F,5.9423788613735
298,G,6.00003554119548
298,I,6.08570994055026
298,K,5.892683911263
298,L,5.93557064064489
298,M,6.1216990025211
298,N,5.83720823798627
298,P,6.36469947904517
298,Q,5.85383080160452
298,R,5.90148137706356
298,T,6.56650681742601
298,V,6.1878474293514
298,W,5.69132046653707
298,Y,6.22001549066687
299,A,5.79231931119311
299,C,5.95452653290831
299,D,6.14901357406431
299,E,5.90600414078675
299,F,6.1477532228361
299,G,6.12472459801574
299,H,6.09233151538761
299,I,6.00230709876543
299,K,6.15225522951772
299,L,6.03338891165254
299,M,5.93669589041096
299,N,6.20472924000828
299,P,6.02636909139042
299,Q,6.1637074829932
299,R,6.15161832754917
299,S,5.74062322946176
299,V,5.8156460156158
299,W,6.01066165229622
299,Y,5.97028733997155
300,A,6.16012099966075
300,C,6.25351905731743
300,D,6.49952588931671
300,E,6.51180274675521
300,F,6.52857591574669
300,G,6.34289897244703
300,H,6.58003314146171
300,I,6.58329460171165
300,K,6.21969101456138
300,L,5.98316999623068
300,M,6.54173487122768
300,N,6.4415074734678
300,P,5.99691466353581
300,Q,6.54911152614728
300,R,5.63580305087453
300,S,6.29488149268785
300,T,6.22253794910997
300,V,6.19366090146751
300,W,6.19829453477545
301,A,6.44627150380339
301,C,6.30336322665817
301,D,5.87044220708716
301,E,5.92447307086614
301,F,6.24317497054368
301,G,6.41539426182786
301,H,5.99416222539971
301,I,6.30305526475288
301,K,5.73872601766318
301,L,6.66139275382284
301,M,6.72828780885148
301,N,6.3928425857993
301,P,5.74722854973425
301,Q,6.3170797792273
301,S,6.6717174667916
301,T,6.62469896686854
301,V,6.42863032242185
301,W,6.1308331530908
301,Y,6.15257526841354
302,A,5.94
302,C,6.34695472417008
302,D,6.71090762404195
302,E,6.5603196859226
302,F,6.23312654386336
302,G,6.27476729647124
302,H,6.39339883305101
302,I,6.53090216090216
302,K,6.80697824483776
302,L,6.41921520753401
302,M,6.3895235660104
302,N,6.23194473861558
302,P,6.08381106831543
302,Q,6.42008049639443
302,R,6.53561461132676
302,S,6.56610647912423
302,T,6.43644053363611
302,W,6.27705671568022
302,Y,6.57609716988696
303,A,6.26278971457631
303,C,6.16745301616507
303,D,6.42764940239044
303,E,6.21934331150608
303,F,6.60886377299507
303,G,6.09218720220238
303,H,6.15931162845663
303,I,6.09589704039333
303,K,6.02941123896771
303,L,6.26337925037756
303,M,6.33493766725409
303,N,6.16546421663443
303,P,6.249764637793
303,Q,6.27947944547389
303,R,5.98338590228568
303,S,6.22926045016077
303,T,5.98862823189337
303,W,6.30156141300147
303,Y,6.64560081466395
304,A,6.40369533203192
304,C,6.1299901291437
304,D,6.36937898250228
304,E,6.31951665224913
304,F,6.37607843137255
304,G,6.31071277660402
304,H,6.11422899461052
304,I,5.76237196765499
304,K,6.29172616214501
304,L,6.15945623962898
304,M,6.28320377884859
304,N,6.06793467392512
304,P,6.35488963666226
304,Q,6.10115084476097
304,R,6.25126007636826
304,T,6.50189571805992
304,V,6.31467216737881
304,W,6.28181818181818
304,Y,6.62
305,A,6.42206836679327
305,C,6.45712548049076
305,D,6.48632223903177
305,E,6.42895715440582
305,F,6.54549134753545
305,G,6.29097451396831
305,H,6.52022281529295
305,I,6.16197821681864
305,K,6.58587986239746
305,L,6.45528972086255
305,M,6.43
305,N,6.82255630252101
305,P,6.43308930593755
305,Q,6.49975803252677
305,R,6.85
305,S,6.44992655447804
305,T,6.56804088109016
305,W,6.5107273024625
305,Y,6.29540137907551
306,A,6.29087914749334
306,C,6.34901847196415
306,D,6.07578006500542
306,E,6.43144969828865
306,F,6.54407771348763
306,G,6.26589475124889
306,H,6.49820292961772
306,I,6.47556195368491
306,K,6.28575573958123
306,M,6.62275946005753
306,N,6.53778277708167
306,P,5.97158398299079
306,Q,6.50828505913589
306,R,6.2312760952661
306,S,6.34
306,T,6.46473087011062
306,V,6.50317714755446
306,W,6.5316142120211
306,Y,6.59407714466381
307,A,6.51824820599409
307,C,6.50535191637631
307,D,6.596424038618
307,E,6.57003146788425
307,F,6.24721942336874
307,G,6.45871898892183
307,H,6.41855689102564
307,I,6.45558149636225
307,K,6.46612123021798
307,L,6.29012645700462
307,M,6.37306020484636
307,N,6.32785267585367
307,P,6.60802343274498
307,Q,6.38103928121405
307,R,6.37413207339045
307,S,6.41064660030053
307,V,6.44821398002853
307,W,6.55723274377837
307,Y,6.47228096338826
308,A,6.56032168850073
308,C,6.3053606848314
308,D,6.20486531476998
308,E,6.31191965255158
308,F,6.54535183819656
308,G,6.36300544125149
308,H,6.1445880618354
308,I,6.44520545028742
308,K,6.44497206703911
308,L,6.42112921114654
308,M,6.483442117075
308,N,6.03147067550193
308,P,6.55987055871087
308,Q,6.65342177493138
308,R,6.12891405992756
308,S,6.36528591520997
308,T,6.24598744600432
308,W,6.23600557049558
308,Y,6.63750712250712
309,A,6.58244676289839
309,C,6.62772209361753
309,D,6.51169811320755
309,E,6.52742264587648
309,F,6.42338259187621
309,G,6.1976302294197
309,H,6.55168596904786
309,I,6.52122304188334
309,K,6.33744663968896
309,M,6.60603036520312
309,N,6.4202685681193
309,P,5.72
309,Q,6.32828711985689
309,R,6.4981688562356
309,S,6.23399584428802
309,T,6.37810858608188
309,V,6.46356668910472
309,W,6.55490800659815
309,Y,6.48967786495745
310,A,6.30788553903131
310,C,6.14925586136595
310,D,6.37116316767485
310,E,6.16219875895906
310,F,6.50165703576449
310,G,6.2813595971564
310,I,6.02110934953979
310,K,6.26470133202521
310,L,5.88239007626401
310,M,6.32994484855712
310,N,6.15905271283635
310,P,6.35552748706845
310,Q,6.54347398556136
310,R,6.29917665782493
310,S,6.13530910784999
310,T,6.47338407821229
310,V,6.18687281085814
310,W,6.13800949643883
310,Y,6.43995516811955
311,A,6.47229586505449
311,C,6.4610425048799
311,D,6.35606455510486
311,E,6.42483985765125
311,F,6.49052284644195
311,G,6.58302469135802
311,H,6.44927900451385
311,I,6.42695999361175
311,K,6.48448146410136
311,L,6.52849175176748
311,M,6.28839938567576
311,N,6.38442488511842
311,P,6.56705944003593
311,R,6.36223971085461
311,S,6.40693483304751
311,T,6.57480218281037
311,V,6.43752471225457
311,W,6.46563775965716
311,Y,6.47454970167736
312,A,6.53641788386177
312,C,6.512414680079
312,E,6.45418327974277
312,F,6.48421943162619
312,G,6.27395227298928
312,H,6.34612910707383
312,I,6.63531380039566
312,K,6.52029366749569
312,L,6.93038590043435
312,M,6.71136263843489
312,N,6.45389822507553
312,P,6.4992213923942
312,Q,6.51855622783226
312,R,6.48492079788794
312,S,6.40328531412565
312,T,6.66137009063444
312,V,6.67342873427513
312,W,6.43884373951794
312,Y,6.59374614459721
313,A,6.27
313,C,6.26599218660232
313,D,6.23192571524176
313,E,6.36114586745278
313,F,6.285152597734
313,H,6.12848750345845
313,I,6.21046280991736
313,K,6.71824657534247
313,L,6.35162830540037
313,M,6.24324909579894
313,N,6.34198291782087
313,P,6.34430211272977
313,Q,6.22972573204974
313,R,6.44349430619992
313,S,6.042679528403
313,T,6.18811442441054
313,V,5.99861893349311
313,Y,6.21122408376963
314,A,6.00584947863557
314,C,5.63
314,D,5.9095926412615
314,E,6.06666133034499
314,F,6.21904003391678
314,G,6.06082680343829
314,H,5.92340471306349
314,I,6.36542540752459
314,K,6.29452777440136
314,M,6.02878515858767
314,N,6.0595001035697
314,P,6.12675300960368
314,Q,6.09259771594016
314,R,6.00581717451523
314,S,6.06225988958343
314,T,5.94144292929293
314,V,6.32742009595243
314,W,6.01532458202717
314,Y,6.4187640224359
315,A,6.65015897047691
315,C,6.43706292883748
315,D,6.54279996461899
315,E,6.4675811150841
315,F,6.50240254503092
315,G,6.46662338890114
315,H,6.36590812459562
315,I,6.29106376222533
315,K,6.49423009089676
315,L,6.47190037182295
315,M,6.41266070851728
315,P,6.32691304347826
315,Q,6.67
315,R,6.54403868031854
315,S,6.44794705233485
315,T,6.57655523157252
315,V,6.48
315,W,6.40604665283611
315,Y,6.5498978897209
316,A,6.35108484615806
316,C,6.39364450915607
316,D,6.65421170492227
316,E,6.6155287182805
316,F,6.04459783099865
316,H,6.2332454333196
316,I,6.27455465831023
316,K,6.2708077994429
316,L,6.33747521033654
316,M,6.36234625975218
316,N,6.57516881253239
316,P,6.3856049414162
316,Q,6.2669328245374
316,R,6.44335751331651
316,S,6.12664919909317
316,T,6.44873129789563
316,V,6.53087043521761
316,W,6.14733889865261
316,Y,6.03902551281323
317,A,6.47695260663507
317,C,6.52545936842105
317,D,6.40414711283412
317,E,6.47584816563749
317,F,6.59309828817594
317,G,6.5766295045045
317,H,6.32900109170306
317,I,6.47316346466949
317,L,6.4912454954043
317,M,6.43930002453185
317,N,6.48607260004373
317,P,6.32868919610855
317,Q,6.34087174401002
317,R,6.4216085156712
317,S,6.48916742909424
317,T,6.08716107617051
317,V,6.54766271492502
317,W,6.50792295663679
317,Y,6.46363018354861
318,A,6.53912426932236
318,C,6.24577777777778
318,D,6.54860222000352
318,F,6.46780184347948
318,G,6.39586235521999
318,H,6.37456655613453
318,I,6.67046481481481
318,K,6.26591077622294
318,L,6.31723823160909
318,M,6.41030764774044
318,N,6.3793817179605
318,P,6.58294744525548
318,Q,6.36784321242034
318,R,6.42773852936374
318,S,6.45634861241035
318,T,6.34806921291412
318,V,6.43070248783497
318,W,6.37302120592744
318,Y,6.52483269850571
319,A,6.47842473099678
319,C,6.51856233127985
319,D,6.44346482387945
319,E,6.16983264643437
319,F,6.35494516010306
319,G,6.2077984793479
319,H,6.61585942028985
319,I,6.54339631782946
319,K,6.53545482388974
319,L,6.36118106169297
319,M,6.49428232690484
319,N,6.501588492808
319,P,6.20817358967162
319,Q,6.26455357142857
319,R,6.21887998184981
319,S,6.31161315831093
319,T,6.66943739587338
319,V,6.62707307692308
319,W,6.43633445681141
320,A,6.36922048611111
320,C,6.54133369095115
320,D,6.52734930652659
320,E,6.62068240077787
320,F,6.27783536420255
320,G,6.29973615774989
320,H,6.23089587426326
320,I,6.42778625371882
320,L,6.51426489000179
320,M,6.57652829154679
320,N,6.54793845514087
320,P,6.42697027663331
320,Q,6.36867543781669
320,R,6.33731549193507
320,S,6.53946051514294
320,T,6.4363468963469
320,V,6.58576184235162
320,W,6.59516483516483
320,Y,6.5889007117187
321,A,6.43688441420537
321,D,6.32682918918919
321,E,6.17479281078383
321,F,6.07233695164618
321,G,6.23348760932945
321,H,6.02678070175438
321,I,6.782890625
321,K,6.37997275754212
321,L,6.47095419534579
321,M,6.19952243196862
321,N,6.32032229185318
321,P,6.33122672824361
321,Q,6.27944762230001
321,R,6.15792625097318
321,S,5.93816040100251
321,T,6.50518683459745
321,V,6.45851831896552
321,W,6.12960710441335
321,Y,6.21331022115959
322,A,6.31861286919831
322,C,6.47977108733516
322,D,6.33137767379679
322,E,6.41104993202324
322,F,6.26443306510607
322,G,6.28471860879091
322,H,6.27640358333878
322,I,6.53339036312849
322,L,6.35308796592119
322,M,6.39111019180143
322,N,5.8585366550755
322,P,6.29379710735384
322,Q,6.45320852344889
322,R,6.39957853982301
322,S,6.08064605959343
322,T,6.23510406641001
322,V,6.4693932026279
322,W,6.20651463602516
322,Y,6.35348949839387
323,A,5.98999734501527
323,C,6.21135227922945
323,D,6.07
323,E,6.07441265926839
323,F,5.79056906795395
323,G,6.0184661619733
323,H,5.86191985645933
323,I,6.64418500143802
323,K,6.24261878683566
323,L,6.49409905316824
323,M,6.19413682432432
323,N,6.73
323,P,5.92956081081081
323,Q,6.19082045322487
323,R,6.19814576103123
323,S,6.07384365359189
323,T,6.31564720947604
323,W,6.01000219522904
323,Y,6.04638220608261
324,A,6.45743013655129
324,C,6.26549574660633
324,D,6.58502740871504
324,E,6.4227739256183
324,F,6.33209554474964
324,G,6.66580624601657
324,H,6.45815691528956
324,I,6.32276022851382
324,K,6.1919592072754
324,L,6.3983018481544
324,M,6.62476127959389
324,N,6.44092529611821
324,P,5.85647891000209
324,Q,6.29304194571731
324,R,6.38108691880638
324,T,6.36355719147163
324,V,6.25032144862437
324,W,6.4564658416066
324,Y,6.38682370184255
325,A,5.65935394404111
325,C,5.8017328843302
325,D,5.97987145320583
325,E,5.76775268465659
325,F,5.96897297297297
325,G,6.50392194725342
325,H,5.89862355736592
325,I,5.88203530633437
325,K,6.16437751799749
325,L,5.94685497655257
325,M,6.0527513637282
325,P,5.90864839496902
325,Q,5.92135958336621
325,R,6.04138768787317
325,S,5.92404567483237
325,T,5.76839363290796
325,V,5.92110273378173
325,W,5.92
325,Y,5.69634095350634
326,A,6.76204387096774
326,C,6.80066666666667
326,D,6.1028297033099
326,E,6.90753854940034
326,F,6.65730641066328
326,G,6.5855453003718
326,H,6.45785888454542
326,I,6.61160325572591
326,L,6.6029168740667
326,M,6.71256524926686
326,N,6.74283653100274
326,P,6.29998142127264
326,Q,6.53789344192755
326,R,6.08087221823403
326,S,6.73640278750784
326,T,6.75940410175161
326,V,6.62927419988991
326,W,6.21984072487877
326,Y,6.46694683908046
327,C,5.93412851722269
327,D,6.0941137264041
327,E,5.98672174021338
327,F,5.94024334828102
327,G,5.89049551945661
327,H,5.77848601643626
327,I,5.81576054537708
327,K,6.00764334137654
327,L,5.68126235370611
327,M,5.80162598922657
327,N,5.88223468226881
327,P,5.79620908435472
327,Q,5.50118339823345
327,R,5.96181864125334
327,S,5.83954221770091
327,T,6.08196177539093
327,V,6.08797613687528
327,W,5.65615171803242
327,Y,5.69764016901826
328,A,6.18352020277322
328,C,6.13840825216287
328,D,5.82060762360045
328,E,5.84070497993397
328,F,5.97335850556439
328,G,5.7756767131618
328,H,5.82899604370077
328,I,6.10280558325025
328,K,5.92933109280139
328,M,5.99931222323751
328,N,5.71541064822262
328,P,5.92358974358974
328,Q,6.14457316232244
328,R,5.93407828282828
328,S,5.89582288103383
328,T,5.59
328,V,6.04232699738496
328,W,5.84783862178079
328,Y,5.86544432068837
329,A,5.85904541353383
329,C,6.09245042537715
329,D,6.21129419292913
329,E,5.72336733880609
329,F,6.39593671470332
329,G,6.28354009077156
329,H,6.37942164041121
329,I,5.94322259941804
329,K,5.79
329,L,6.07066866566717
329,M,6.20763566394258
329,N,6.12357245508982
329,Q,5.93341485702
329,R,6.2285594795539
329,S,6.04771733034212
329,T,5.98045927890756
329,V,5.90991150021411
329,W,6.35064047296465
329,Y,6.11440622440622
330,C,6.27524017240484
330,D,5.98588752256702
330,E,6.18863573883162
330,F,6.76091870952821
330,G,6.38185504996604
330,H,6.35297610043866
330,I,6.38720149714145
330,K,6.28254879844597
330,L,6.57604152277252
330,M,6.72077434645725
330,N,5.85381314502987
330,P,6.26145818181818
330,Q,6.22481697726514
330,R,6.27853001132503
330,S,6.03306992540482
330,T,6.18590796688528
330,V,6.43505654751082
330,W,6.69560282574568
330,Y,6.73682498098538
331,A,6.33298826322036
331,C,5.99883630986236
331,D,6.14226241048671
331,E,6.12592543777066
331,F,6.14773171648806
331,G,5.69950999277631
331,H,6.15703923946637
331,I,5.66881009566456
331,K,5.99448430114787
331,L,5.85253749692648
331,M,5.87310769529166
331,N,6.02127180532305
331,Q,6.04684523809524
331,R,6.02157034088943
331,S,6.15242948616182
331,T,6.01207618600911
331,V,6.2652299660663
331,W,6.29730374677711
331,Y,6.13252839632933
332,C,5.9098302594244
332,D,6.9664887755102
332,E,6.84951272233202
332,F,6.5709449618967
332,G,6.59973790322581
332,H,6.4374289524127
332,K,5.90103359046968
332,L,6.33984625627989
332,M,6.35092864995027
332,N,6.21651827748546
332,Q,6.50806848439663
332,R,5.7430352244839
332,S,6.71504710185082
332,T,6.42
332,V,6.09207883410103
332,W,6.77
332,Y,6.62344972301494
333,A,6.20510100138122
333,C,6.25882174556213
333,D,6.4976412024671
333,F,6.32097508056539
333,G,6.20758895644374
333,H,6.27580594158276
333,I,6.36487243981315
333,K,6.13599082744124
333,L,6.27115519468537
333,M,6.30275371130364
333,N,5.987548869031
333,P,6.33151069990818
333,Q,6.27708703465982
333,R,6.13643931974001
333,S,6.35674612685098
333,T,6.11559355736727
333,V,6.2200969264922
333,W,6.25515196476179
333,Y,6.25801328600736
334,A,6.79124365182473
334,C,6.61599106705158
334,D,6.65511231803739
334,E,6.91652003532399
334,F,6.73007658596775
334,G,6.2139128953108
334,H,6.59944016959799
334,I,6.82089231587344
334,L,6.58912213296076
334,M,6.76757146691719
334,N,6.5965156495641
334,P,6.85160597014925
334,Q,6.75094163329693
334,R,6.18275675016761
334,S,6.69443592922349
334,T,6.87116298811545
334,V,6.7313608854479
334,W,6.62519286980689
334,Y,6.72742373861501
335,A,6.51609281563211
335,C,6.32301847608135
335,D,6.34806602812309
335,E,6.5249928965402
335,F,6.4310393570987
335,G,6.48775635611731
335,H,6.45541497388276
335,I,6.48128781273057
335,K,6.33966509285489
335,L,6.41999341932087
335,M,6.38450112270506
335,N,6.22909781641454
335,P,6.54526442918892
335,Q,6.33653993365655
335,R,6.27749953104483
335,S,6.36793331082855
335,V,6.4537905428065
335,W,6.44383276358402
335,Y,6.26972772753512
336,A,6.5301730474732
336,C,6.79771668063705
336,D,6.14845679939895
336,E,6.66900549027162
336,F,6.39389621611788
336,G,6.52140791476408
336,H,6.45763584196628
336,K,6.52868309302785
336,L,6.47647650350198
336,M,6.54970072848986
336,N,6.36697117208244
336,P,6.50287867078825
336,Q,6.48826435643564
336,R,6.54378749031065
336,S,6.6961164194853096
336,T,6.62423269490583
336,V,6.58953293223559
336,W,6.2904381443299
336,Y,6.40637280790846
337,A,6.46483629560337
337,C,6.40292042919367
337,D,6.57238801089918
337,E,6.39180737883407
337,F,6.53890644063443
337,G,6.66821991888238
337,H,6.50322929047594
337,I,6.15452141477386
337,K,6.09953460661151
337,L,6.33285945727015
337,M,6.28649221049609
337,N,6.64
337,P,6.4911203130688
337,Q,6.34092511941557
337,R,6.51926777020448
337,T,6.36021239672539
337,V,6.36780726616851
337,W,6.38150652334455
337,Y,6.4950801146905
338,A,6.37401160915834
338,C,6.2991300227445
338,D,6.35870883429169
338,E,6.04413696364285
338,F,6.45507034210663
338,G,6.63901234567901
338,H,6.29265802671434
338,I,6.19852447163515
338,L,6.15253258101563
338,M,6.02179772674554
338,N,6.65273864414517
338,P,6.62877503429355
338,Q,6.22107833163784
338,R,6.2970617297356
338,S,6.57685889860553
338,T,6.60324528301887
338,V,6.28254965110038
338,W,6.1315734845181
338,Y,6.19490906308191
339,C,6.54316226658081
339,D,6.50633344434017
339,E,6.49111514225702
339,F,6.61288631287887
339,G,6.36990326481258
339,H,6.55428068064627
339,I,6.60190151256681
339,K,6.61193932425917
339,L,6.50814704156218
339,M,6.3037188034188
339,N,6.58209263070271
339,P,6.4655047318612
339,Q,6.29943493302581
339,R,6.48315624703539
339,S,6.4886617069297
339,T,6.61053953436684
339,V,6.54274906210921
339,W,6.60162423625255
339,Y,6.52130356786925
340,A,6.31827529517262
340,C,6.48158111188188
340,D,6.44019086662858
340,E,6.55841525300855
340,F,6.52749118613684
340,G,6.59316258677384
340,H,6.48498106060606
340,I,6.4568137917713
340,L,6.43761340338288
340,M,6.27851537181396
340,N,6.52868233667473
340,P,6.52242742307102
340,Q,6.39058602235998
340,R,6.40383510638298
340,S,6.5510268082954
340,T,6.47499154453213
340,V,6.43347183019081
340,W,6.52578625314334
340,Y,6.35512593118127
341,A,6.12939550425273
341,C,5.87490031280609
341,D,6.35790666390728
341,E,6.23467225578433
341,F,6.01710348977136
341,H,6.10656891800551
341,I,6.04496961102107
341,K,6.1911877501629
341,L,6.13918499511241
341,M,6.13050643776824
341,N,6.22303472253578
341,P,6.11669236159776
341,Q,6.05859753999656
341,R,6.1009507959479
341,S,6.28603328352826
341,T,6.22323340743093
341,V,5.99223013523246
341,W,6.09283771865354
341,Y,5.99373596160119
342,A,6.33882887337
342,C,6.25006388107674
342,D,6.52980676328502
342,E,6.43403793494958
342,F,6.47633047911628
342,G,6.38192390040986
342,H,6.40681747047944
342,I,6.53
342,K,6.54268323153803
342,L,6.38056700112807
342,M,6.44316070226319
342,N,6.68891550841258
342,P,6.3
342,R,6.38717832273691
342,S,6.45742247022213
342,T,6.50216265855478
342,V,6.61018799171843
342,W,6.36275024223001
342,Y,6.44236076126504
343,A,6.52094870542257
343,C,6.14249441215914
343,D,6.34679136951529
343,E,6.55353871263899
343,F,6.13570291777188
343,G,6.40640328501213
343,H,6.20116604983963
343,I,6.30750882102446
343,K,6.27933758614797
343,L,6.0109916502947
343,M,6.27436193174154
343,N,6.32765829832464
343,Q,6.23685585585585
343,R,6.73237192982456
343,S,6.48001270186899
343,T,6.54197793837961
343,V,6.31460895386021
343,W,6.13127520068632
343,Y,6.29693598443007
344,A,6.56085638073845
344,C,6.46267233954594
344,D,6.22227055488052
344,E,6.36344011668738
344,F,6.58947886064632
344,G,6.81902249192006
344,H,6.3783917422792
344,I,6.31245906189287
344,K,6.36445534601311
344,L,6.53544330625221
344,M,6.50682001489018
344,N,6.35457921061216
344,P,5.99581962841141
344,Q,6.37803274702116
344,S,6.34395387149918
344,T,6.26725676937442
344,V,6.36946032972694
344,Y,6.30027789299046
345,A,6.41573234106963
345,C,6.19420510929328
345,D,6.45273588693488
345,F,6.4021078116796
345,G,6.33890923957482
345,I,6.36922157434402
345,K,6.24191393947693
345,L,6.14541359773371
345,M,6.54536660399932
345,N,6.43681784386617
345,P,6.35626449342471
345,Q,6.41841344753248
345,R,6.43095990220049
345,S,6.36056819579388
345,T,6.43095056476456
345,V,6.21029139199389
345,W,6.30049780314354
345,Y,6.41202895871842
346,A,6.51492725669569
346,C,6.45518159933012
346,D,6.04172816915726
346,E,6.01657256586183
346,F,6.30509975786925
346,G,6.3739606082666
346,H,6.1889491320957
346,I,6.55
346,K,6.14411594863612
346,L,6.58837043929022
346,M,6.46467108878248
346,N,6.25947316621316
346,Q,6.215135307227
346,R,6.35876636125654
346,S,6.48095756209632
346,T,6.42263026890276
346,V,6.58718845478775
346,W,5.77203949012747
346,Y,5.83386630532972
347,A,6.46387382597909
347,C,6.35521708546641
347,D,6.45915424610052
347,E,6.30342682020802
347,F,6.50605145556691
347,G,6.63822961911126
347,H,6.26270516330299
347,I,6.08927918781726
347,K,6.34177279742334
347,L,6.3760565261527
347,M,6.38731867618603
347,N,6.49495022685718
347,P,6.45874008128508
347,R,6.24476076555024
347,S,6.37647721656618
347,T,6.23336753072065
347,V,6.12382280882004
347,W,6.37404940327505
347,Y,6.42856881039654
348,A,6.30402742073693
348,C,6.35539591836735
348,D,6.21971033055816
348,E,6.17242137885485
348,F,6.29812240092189
348,G,6.28099306999307
348,H,6.27272194878824
348,I,6.43309291053972
348,K,6.10020296643247
348,L,6.30397165059159
348,M,6.39078947368421
348,N,6.04899488345651
348,P,6.21119621840633
348,Q,6.11604167417715
348,R,6.14595218329736
348,S,6.23976031814273
348,T,6.33097835023294
348,W,6.0036600574197
348,Y,6.2450229912463
349,A,6.26084213315166
349,C,6.38415888330083
349,D,6.27147922363172
349,E,6.32243527025415
349,F,6.27619535250098
349,G,6.53836004378456
349,H,6.3
349,I,6.3283236201577
349,K,6.11305561573458
349,L,6.4091788373425
349,M,6.30725196574348
349,N,6.38061676402663
349,P,6.0945655481701
349,Q,6.17536721504113
349,R,6.54383051484404
349,S,6.48379487179487
349,T,6.41762578133006
349,V,6.34485627366983
349,W,6.34194176835795
350,A,6.58859114690899
350,C,6.443300725781
350,D,6.66706821480406
350,E,6.711776336328
350,F,6.48454580397181
350,G,6.61855358000961
350,H,6.80654449339207
350,I,6.2175141896153
350,K,6.51470847803881
350,L,6.48601301115242
350,M,6.17801882200227
350,N,6.5996260320544
350,P,6.43221474546518
350,Q,6.5556856474259
350,R,6.21877136537301
350,S,6.70149435854576
350,V,6.51617076326003
350,W,6.43630260144259
350,Y,6.49564483775811
351,A,6.5275878080329
351,C,6.60456234685543
351,D,6.4907116980635
351,E,6.50339746466233
351,F,6.6199059222702
351,G,6.46213969608104
351,H,6.86715065044062
351,I,6.34453406470112
351,K,6.53573958415685
351,M,6.40037916928886
351,N,6.36129350988063
351,P,6.69083993660856
351,Q,6.47568234219341
351,R,6.56472148541114
351,S,6.4624182638106
351,T,6.38986474381942
351,V,6.27444982932277
351,W,6.7153103630363
351,Y,6.49176965928229
352,A,6.35569289827255
352,C,6.46095080269291
352,D,6.43311831312411
352,E,6.48524238191319
352,F,6.39806948541462
352,G,6.42913058720421
352,H,6.38012684501845
352,I,6.49827827285707
352,K,6.46645458934607
352,L,6.57140919062464
352,M,6.44414622983333
352,N,6.46360442678774
352,Q,6.34888092269327
352,R,6.41670933453103
352,S,6.51272518316334
352,T,6.67476746352065
352,V,6.49200643471328
352,W,6.69317838140577
352,Y,6.68089947643979
353,A,6.45995803961061
353,C,6.5392514838426
353,D,6.29643027129938
353,E,6.52718045594262
353,F,6.45608165829146
353,G,6.64657154287238
353,H,6.48659370879638
353,I,6.51672651260016
353,K,6.27902198411232
353,L,6.5687002425453
353,M,6.29391171420195
353,N,6.56778043321574
353,Q,6.48470232213439
353,R,6.39791467221644
353,S,6.55019460490158
353,T,6.65006572182233
353,V,6.45427802174822
353,W,6.45313786650031
353,Y,6.49202579535684
354,C,6.45021886348022
354,D,6.43313093063661
354,E,6.50704290776746
354,F,6.6398416392326
354,G,6.50228140309622
354,H,6.36332382623958
354,I,6.448468216598
354,K,6.39476714862139
354,L,6.6858724277775
354,M,6.58659709093715
354,N,6.27593887571961
354,P,6.18244559935776
354,Q,6.51420037807183
354,R,6.51003118164471
354,T,6.45484305073076
354,V,6.45505671423344
354,W,6.53924282191999
354,Y,6.5704029719179
355,A,6.49011141486563
355,C,6.51389704230625
355,D,6.51826569009542
355,E,6.39618416239941
355,F,6.49128365572636
355,G,6.50558320950966
355,H,6.46408434968811
355,I,6.4805898155334
355,K,6.37450829383886
355,L,6.48958436606292
355,M,6.39610378213113
355,N,6.52453196154495
355,P,6.4074037229173
355,Q,6.42750046471281
355,S,6.52900889453621
355,T,6.26781244947454
355,V,6.4369523273009
355,W,6.30798684210526
355,Y,6.45824883411059
356,A,6.27510784431859
356,C,6.49106016637648
356,E,6.49781027346136
356,F,6.31458343726615
356,G,6.32499612274288
356,H,6.43290122362121
356,I,6.38853721740684
356,K,6.39981365012811
356,L,6.4095077574048
356,M,6.58778267958185
356,N,6.46503670851937
356,P,6.40322211445199
356,Q,6.2276087883959
356,R,6.39478382828221
356,S,6.38599473432264
356,T,6.26205885582519
356,V,6.32580279329609
356,Y,6.4266456022698
357,A,6.56814254062038
357,C,6.2796002119642
357,D,6.25078427074657
357,F,6.38275698110166
357,G,6.45650826580227
357,H,6.33535162409335
357,I,6.32489393392309
357,K,6.22491561102131
357,L,6.13220851778354
357,M,6.38634259461825
357,N,6.34075581847902
357,Q,6.38306777121706
357,R,6.22399221891653
357,S,6.47596423053514
357,T,6.26921424278846
357,V,6.16507866090069
357,W,6.30102420035988
357,Y,6.37555640112076
358,A,6.39062886597938
358,C,6.36848484848485
358,D,6.50149965722121
358,E,6.61433465475416
358,F,6.55563284008112
358,G,6.51257080610022
358,H,6.40765020759702
358,I,6.43645482057933
358,K,6.34086918318572
358,M,6.47932996668055
358,N,6.44170460636815
358,P,6.3699731358455
358,Q,6.61027024538465
358,R,6.25654678578007
358,S,6.51742410780394
358,T,6.51777804537354
358,V,6.4764143028366
358,W,6.37437024597451
358,Y,6.56
359,A,6.35230156775835
359,C,6.46114561460184
359,D,6.45397819752838
359,E,6.52534950406619
359,F,6.46252042916849
359,G,6.55393971191453
359,H,6.33753160556258
359,I,6.55164930555556
359,K,6.42294377185903
359,L,6.35821851797217
359,M,6.52505740150711
359,N,6.29613454395378
359,P,6.33210864143193
359,Q,6.13584443863775
359,R,6.34578488372093
359,S,6.40203639415557
359,V,6.30896094444894
359,W,6.40979915751467
359,Y,6.27650916035934
360,A,6.37178043068487
360,C,6.33631828041806
360,D,6.44049822228379
360,E,6.44256543304082
360,F,6.52233390384316
360,G,6.58770783424232
360,H,6.4650419554907
360,I,6.43189401466761
360,L,6.60694952640457
360,M,6.39524506346968
360,N,6.45805134879319
360,P,6.30667555397559
360,Q,6.52871969771322
360,R,6.3925619016177
360,S,6.3678493778651
360,T,6.54814819040014
360,V,6.43286883233778
360,W,6.55447999202671
360,Y,6.56551534117967
361,A,6.39709404910529
361,C,5.95849777429927
361,D,6.55142043372531
361,E,6.49693621507644
361,F,6.44867913930176
361,G,6.545516726918
361,H,6.44355466072652
361,I,6.34533685064935
361,K,6.56064284860796
361,L,6.39197683730672
361,M,6.3
361,P,6.28981383180405
361,Q,6.35746085262606
361,R,6.46972558548745
361,S,6.39245508982036
361,T,6.33767993848828
361,V,6.40462771154974
361,W,6.63
361,Y,6.34671729097349
362,A,7.02
362,C,6.32793279327933
362,D,6.6732238065716
362,E,6.45824870955771
362,F,6.44823571471132
362,G,6.50477645826057
362,H,6.48544318238183
362,I,6.37570599212109
362,K,6.45945456279203
362,L,6.53903119573678
362,M,6.46213296398892
362,N,6.52101050594415
362,P,6.20660159589627
362,R,6.29271831277138
362,S,6.60173144599984
362,T,6.40949213919802
362,V,6.50397224520975
362,W,6.49367558338076
362,Y,6.4637972318603
363,A,6.25112116604235
363,C,6.40091766084363
363,D,6.36612079032183
363,E,6.56290896782415
363,F,6.30996821823479
363,G,6.36687272236469
363,H,6.48152864536855
363,I,6.4835418310434
363,K,6.32755504885993
363,L,6.38608187134503
363,M,6.47775572065379
363,N,6.28350882295908
363,P,6.29321127688615
363,Q,6.48698395600658
363,R,6.27778539145648
363,S,6.33748010432689
363,T,6.47494689168059
363,W,6.22138697031921
363,Y,6.48553246848432
364,A,6.33018747944304
364,C,6.19475951222065
364,D,6.08102202314296
364,E,6.1427837059277
364,F,6.2146639100933
364,G,6.43348620243916
364,H,6.24956230416968
364,I,6.18147946695676
364,K,6.0087352923058
364,L,6.27878386119977
364,M,6.01
364,N,6.00489809782609
364,P,6.47687470937742
364,Q,6.31977971753629
364,R,6.11476070528967
364,T,6.4559080987938
364,V,6.41194334620215
364,W,6.20929331479026
364,Y,6.34162674196193
365,A,6.4429386810644
365,C,6.60079190904283
365,D,6.20004312001025
365,E,6.626984725627
365,F,6.59794490695814
365,G,6.3567126176637
365,H,6.61340684099133
365,I,6.4333779264214
365,K,6.35872189349112
365,M,6.71
365,N,6.31296479104969
365,P,6.48729647251846
365,Q,6.54029375914188
365,R,6.38894340211008
365,S,6.46193883879586
365,T,6.39586174003311
365,V,6.11094545454545
365,W,6.43133316828619
365,Y,6.39527605525382
366,A,6.37263660942081
366,C,6.33
366,D,6.57908854628153
366,E,6.29842550954856
366,F,6.67771203460528
366,G,6.24254845530365
366,H,6.28097142508243
366,I,6.73751060711255
366,K,6.07301442993816
366,L,6.47492692490494
366,M,6.37745888441633
366,N,6.38804694048617
366,P,6.36153614151615
366,Q,6.35229222440359
366,R,6.11148397261104
366,S,6.36476165531692
366,V,6.77893264630107
366,W,6.47622683671245
366,Y,6.42760373865535
367,A,6.44275872764242
367,D,6.65685167790966
367,E,6.47189883323848
367,F,6.61232718588298
367,G,6.27885442670041
367,H,6.51574953644273
367,I,6.55583651026393
367,K,6.29635717707169
367,L,6.65849091067235
367,M,6.60175801199657
367,N,6.63591366200638
367,P,6.23408816233064
367,Q,6.51256678700361
367,R,6.38790322580645
367,S,6.36622674084021
367,T,6.61475767498977
367,V,6.58249259956943
367,W,6.36409660842754
367,Y,6.45183719193428
368,A,6.41846078544282
368,C,6.27484701882845
368,D,6.52771764865048
368,F,6.25262889600932
368,G,6.2870341108603
368,H,6.54151057666988
368,I,6.31897666328454
368,K,6.38842605616724
368,M,6.33971740008074
368,N,6.35192859738372
368,P,6.39
368,Q,6.3707981588483
368,R,6.48255546253663
368,S,6.59550185455772
368,T,6.43375943764645
368,V,6.8
368,W,6.26877581674803
368,Y,6.47267772060225
369,A,6.32432644534779
369,C,6.21233454844175
369,D,6.02662323442461
369,E,6.34975824587706
369,F,6.31969089472645
369,G,6.13018407911485
369,H,6.40512607491619
369,I,6.37931696140904
369,K,6.1590800681431
369,L,6.36381209221401
369,M,6.1473030460667
369,N,6.29132154213037
369,P,6.15020475446816
369,Q,6.41162668227033
369,R,6.50657661134697
369,S,6.59332734136257
369,T,5.72
369,W,6.24699855378796
369,Y,6.38679818166224
370,C,6.23843168864068
370,D,6.46007104653948
370,E,6.5358704812597
370,F,6.34999660959485
370,G,6.45578595750183
370,H,6.53376330096185
370,I,6.39410914622552
370,L,6.42325176359402
370,M,6.2132212096106
370,N,6.54114397024969
370,P,6.39645095707545
370,Q,6.30487929384239
370,R,6.64641931684334
370,S,6.45023015873016
370,T,6.40643200352656
370,V,6.40125951643939
370,W,6.48463227623618
370,Y,6.47845962113659
371,A,6.5410350709607
371,C,6.37320335226486
371,D,6.3234574093629
371,E,6.32951204915416
371,F,6.3769324141182
371,H,6.50378663042555
371,I,6.39841127158873
371,K,6.21425082763661
371,L,6.44721124598459
371,M,6.37077189447837
371,N,6.48574846529199
371,P,6.45957251908397
371,Q,6.37428772397453
371,R,6.36788330386461
371,S,6.57273472949389
371,T,6.44721015681386
371,V,6.40046865489957
371,W,6.41479393541119
371,Y,6.46786842829617
372,A,6.26416377515614
372,C,6.47255459624175
372,D,6.75268386870283
372,E,6.55871171528743
372,G,6.18101885123556
372,H,6.58594559862926
372,I,6.69631632394009
372,K,6.63
372,L,6.66393505068113
372,M,6.71100991430012
372,N,6.49739641492801
372,P,6.49070484100098
372,Q,6.60711550213893
372,R,6.55
372,S,6.28
372,T,6.44821440726035
372,V,6.59588026292414
372,W,6.69777981876072
372,Y,6.69042597110152
373,A,6.2511934433011
373,C,5.82765548915449
373,D,6.38023812426348
373,E,6.04174127240296
373,F,6.51091011476992
373,G,6.0728653794583
373,H,6.60861983168679
373,I,6.13550913700222
373,K,6.31839665116279
373,L,6.16483343711083
373,M,6.18639595808383
373,N,6.03650506512301
373,P,6.53410211824218
373,Q,6.18279647404505
373,R,6.09574249605055
373,S,5.97473601694915
373,T,6.15982153115545
373,V,6.03167476732161
373,W,6.0269619238477
374,A,6.52932656700041
374,C,6.45208601228747
374,D,6.41048934027195
374,E,6.61821303433777
374,F,6.76206378986867
374,G,6.3217427723809
374,H,6.63623531825409
374,I,6.73814570507183
374,K,6.53618550023749
374,L,6.51819234872733
374,M,6.64898863752687
374,N,6.09570236612702
374,Q,6.73031312458361
374,R,6.50239536573896
374,S,6.55648720535632
374,T,6.44181940132613
374,V,6.5641917128684
374,W,6.74932926829268
374,Y,6.63222309790846
375,A,6.57624691575608
375,C,6.52736027216552
375,D,6.38413507741591
375,E,6.42049659753726
375,F,6.58711504588857
375,G,6.36668923684582
375,H,6.59895116355293
375,I,6.46323953328758
375,K,6.44931875314228
375,L,6.63822885410753
375,M,6.48115909090909
375,N,6.65741930525669
375,P,6.47397313751917
375,Q,6.53769597457627
375,R,6.63164553211661
375,T,6.64638960448553
375,V,6.72957378341105
375,W,6.46560618336196
375,Y,6.52549028204004
376,A,6.64754504906334
376,C,6.67886046511628
376,E,6.34968128895684
376,F,6.50402831725348
376,G,6.28925544278299
376,H,6.35758708581138
376,I,6.83234657039711
376,K,6.56285980611484
376,L,6.40174658922059
376,M,6.3095897367366
376,N,6.58684256544772
376,P,6.51063767768727
376,Q,6.64
376,R,6.51109905153026
376,S,6.62782340425532
376,T,6.79469971570718
376,V,6.68555931263858
376,W,6.03417718832891
376,Y,6.43497028454797
377,A,6.23550016398819
377,C,6.18271486931345
377,D,6.4281217877095
377,E,6.50408449333203
377,F,6.85465853915981
377,G,6.64344104117581
377,H,6.82881715876089
377,K,6.84562099481233
377,L,6.36403866340098
377,M,6.71886457297144
377,N,6.69284353741497
377,P,6.63180608681191
377,Q,6.74186744682014
377,R,6.71935149487161
377,S,6.46997082917083
377,T,6.47463103384502
377,V,6.36048634861747
377,W,6.88031323414252
377,Y,6.64378907615917
378,C,6.68683264503442
378,D,6.49228507693188
378,E,6.65297127045802
378,F,6.37137140800288
378,G,6.26335058370442
378,H,6.32848080900942
378,I,6.75855820255165
378,K,6.82136313768513
378,L,6.72828024042074
378,M,6.19590797041906
378,N,6.467965250157
378,P,6.669901590571
378,Q,6.37054136874362
378,R,6.62817275950605
378,S,6.28253351351351
378,T,6.43064258278833
378,V,6.79496676820825
378,W,6.29290261490276
378,Y,6.47638481012658
379,A,6.06825821237586
379,C,6.42277492806206
379,D,6.55637975778547
379,E,6.64471867966992
379,F,6.53192553191489
379,G,6.07829181120572
379,H,6.39016044260028
379,I,6.61417653390743
379,K,6.41416959325714
379,L,6.11
379,M,6.69
379,N,6.565395256917
379,P,6.54178044189042
379,Q,6.4911660329531
379,R,6.68055600322321
379,S,6.29604151943463
379,T,6.39113594960941
379,W,6.71814419097122
379,Y,6.89737399490096
380,A,6.31019369944657
380,C,6.5056849166847
380,D,6.30508014875609
380,F,6.36332211333617
380,G,6.46595864785034
380,H,6.50310580760772
380,I,6.29475432567673
380,K,6.54387109375
380,L,6.30711328924204
380,M,6.41675811068702
380,N,6.26034788024378
380,P,6.16062175836065
380,Q,6.52961097603335
380,R,6.5595557043983
380,S,6.43884361119719
380,T,6.4986050986051
380,V,6.47306234279554
380,W,6.59
380,Y,6.17856857390262
381,A,6.43277411502181
381,C,6.25188062300474
381,D,6.23802284710018
381,E,6.19274834933974
381,F,6.44159172019986
381,G,6.17668967938217
381,H,6.46117148646159
381,I,6.58167185527977
381,K,6.51211717339997
381,L,6.4652321420683
381,M,6.24592058653925
381,N,6.56837725247045
381,P,6.585
381,Q,6.36881692002644
381,R,6.30292892878164
381,S,6.11
381,T,6.22115794218741
381,V,6.36549934758607
381,Y,6.52328021777379
382,A,6.45603421582288
382,C,6.46492677824268
382,D,6.39058872420003
382,F,6.58386452804062
382,G,6.53265107882747
382,H,6.44384926364424
382,I,6.35796845040962
382,K,6.61100571513397
382,L,6.44
382,M,6.42157595249876
382,N,6.34312118995367
382,P,6.37541283197476
382,Q,6.39225655816509
382,R,6.61460800438596
382,S,6.48277736038067
382,T,6.52044421015639
382,V,6.45218041002278
382,W,6.65701977995551
382,Y,6.37181284666309
383,A,6.62645953002611
383,C,6.43106471075358
383,D,6.43819060463025
383,E,6.50819509716754
383,F,6.30919688534457
383,G,6.42013999296518
383,H,6.3748630734345
383,I,6.41771999807757
383,K,6.3122343159486
383,L,6.44500671591672
383,M,6.45416873010258
383,N,6.26727170553526
383,P,6.35000897576543
383,Q,6.45606623123639
383,R,6.44867530873667
383,T,6.51135875670952
383,V,6.3175092936803
383,W,6.35222211556921
383,Y,6.55406219970298
384,A,6.41160549247425
384,C,6.56842518600165
384,D,6.41940220649958
384,E,6.38574068092254
384,F,6.52055896097591
384,G,6.54954847277556
384,H,6.43854236362395
384,I,6.1935851544838
384,K,6.44715029913312
384,L,6.56255399529546
384,M,6.54947820024669
384,P,6.48916931679189
384,Q,6.52155325081943
384,R,6.54747360534024
384,S,6.49346259043586
384,T,6.35041648776299
384,V,6.362934725095
384,W,6.438727031853
384,Y,6.59829476093591
385,A,6.29113298101812
385,C,6.50965050091075
385,D,6.43507487199304
385,E,6.46313070891601
385,F,6.4637978273409
385,H,6.35887912466615
385,I,6.42110600255428
385,K,6.49414196805501
385,L,6.52760991406153
385,M,6.35255841327762
385,N,6.48354029396858
385,P,6.33408586762075
385,Q,6.39288759951424
385,R,6.46436865352215
385,S,6.53412317728319
385,T,6.49942981857864
385,V,6.3382555171896104
385,W,6.34988958296674
385,Y,6.45367572156197
386,A,6.43040167479525
386,C,6.39578248872148
386,D,6.44636016747045
386,E,6.42564282334724
386,F,6.66148715983135
386,G,6.41361821692064
386,H,6.38191666666667
386,I,6.4108643006263
386,K,6.46211845102506
386,L,6.53861487709699
386,M,6.39103871973148
386,N,6.50818437437236
386,P,6.43967206811316
386,R,6.42450900328
386,S,6.42848366949933
386,V,6.34384782259361
386,W,6.39081125580003
386,Y,6.51962410450906
387,A,6.53596672092603
387,C,6.43027760051053
387,D,6.44152761609106
387,E,6.41840177750536
387,F,6.42877154582763
387,G,6.50815154216438
387,H,6.42678854024557
387,I,6.49151927776947
387,K,6.4857945870923
387,M,6.31700160740189
387,N,6.35350824277982
387,Q,6.31412821196764
387,R,6.4526298649722
387,S,6.50223008074107
387,T,6.32870033243628
387,V,6.14788066764725
387,W,6.50687897024407
387,Y,6.6867513148009
388,A,6.44047362309224
388,C,6.50218997361478
388,D,6.54716024732706
388,F,6.51191960274296
388,G,6.25095951003743
388,H,6.56707451797811
388,I,6.61829708932753
388,K,6.5393793517407
388,L,6.35809831181728
388,M,6.43621483622351
388,N,6.50024966391396
388,P,6.58394525018129
388,Q,6.35990268823744
388,R,6.72657998869418
388,S,6.5073867966327
388,T,6.50440930938528
388,V,6.56261151832461
388,Y,6.52942351536207
389,A,6.42241346850109
389,C,6.28305267562416
389,D,6.29960123628871
389,E,6.4521691886671
389,F,6.33221172845708
389,G,6.31090399320306
389,H,6.54235071163366
389,I,6.37768455461727
389,K,6.37035558100791
389,L,6.39646365899569
389,M,6.37781978075666
389,P,6.47304124894773
389,Q,6.51826272556756
389,R,6.61092617116371
389,S,6.47797994677818
389,T,6.30662940461725
389,V,6.38713813658157
389,W,6.46969387194284
389,Y,6.31633385335413
390,A,6.62304475328318
390,C,6.25947704241211
390,D,5.72
390,E,6.54532232704403
390,F,6.2992141802068
390,G,6.65257218113666
390,H,6.52265810047217
390,I,6.35580361659079
390,K,6.48083541147132
390,L,6.2978982860354
390,M,6.44152768512342
390,P,6.31281101614435
390,Q,6.50574227390507
390,R,6.43833285261033
390,S,6.45846752058555
390,T,6.5509801833777
390,V,6.37610528438887
390,W,6.46105721963689
390,Y,6.54314753016246
391,A,6.33646611519293
391,C,6.45005878179791
391,D,6.35771302428256
391,E,6.54848677084945
391,F,6.47093643649138
391,G,6.22603180671305
391,H,6.38838446030622
391,I,6.53677753253672
391,K,6.48716851242143
391,L,6.54572791680951
391,M,6.44141166445749
391,N,6.58287125189074
391,P,6.58401476578411
391,Q,6.45317986933442
391,R,6.61946221826403
391,S,6.2954590984975
391,T,6.55
391,V,6.43852149828541
391,W,6.33357599916081
392,A,6.44422742753875
392,C,6.33339713318567
392,D,6.39503658397165
392,E,6.37410628994282
392,F,6.41992660106469
392,G,6.34142060310267
392,H,6.4544131475838
392,I,6.68761064685856
392,L,6.58304847031466
392,M,6.42367449275362
392,N,6.34330195783132
392,P,6.44860318087524
392,Q,6.48619558615104
392,R,6.62810344827586
392,S,6.42937939859245
392,T,6.43173187233417
392,V,6.39191955847887
392,W,6.34762943822375
392,Y,6.17845351239669
393,A,6.38060834194795
393,C,6.29403977009976
393,D,6.34850763185734
393,E,6.58958714907672
393,F,6.32024502386218
393,G,6.20063437599745
393,H,6.69247770787127
393,I,6.56267288320174
393,K,6.90890127388535
393,L,6.64444761225944
393,M,6.52502394890899
393,N,6.26994852802712
393,P,6.54889088887712
393,Q,6.72810309384315
393,R,6.56344246762817
393,S,6.37773708558211
393,V,6.31981523473587
393,W,6.47604770259377
393,Y,6.36580311930322
394,A,6.44476608187134
394,C,6.53876698956221
394,D,6.79936469437653
394,E,6.48486445538661
394,F,6.57758241758242
394,G,6.29258066695949
394,H,6.767472
394,I,6.74192003033623
394,K,6.76108325782744
394,L,6.60783729301656
394,M,6.36642324093817
394,N,6.72819380804954
394,P,6.53360356741122
394,Q,6.62804548334859
394,R,6.71456592414208
394,S,6.33644088096347
394,V,6.65724584232134
394,W,6.85065670332425
394,Y,6.85228367676935
395,A,6.3431250933198
395,C,6.33454054054054
395,D,6.24457072443833
395,E,6.39992754560745
395,F,6.39326918120113
395,G,6.47666943435392
395,H,6.6133083304921
395,I,6.5138409732783
395,K,6.71534967516515
395,L,6.27379359736446
395,M,6.48371289954338
395,N,6.30762945044977
395,Q,6.47473360261589
395,R,6.55606911883589
395,S,6.4641516298633
395,T,6.39247860321808
395,V,6.67484252719985
395,W,6.60069735200333
395,Y,6.43922615760827
396,A,6.6583915299397
396,C,6.7080840749584
396,D,6.56674286343289
396,E,6.67475965393543
396,F,6.75863692961254
396,G,6.58083483610905
396,H,6.71748025149121
396,I,6.84868418230563
396,K,6.82147188232649
396,L,6.87592838362339
396,M,6.66842582394306
396,N,6.52824178154825
396,Q,6.73655907801673
396,R,6.85
396,S,6.43232509205681
396,T,6.66353825646494
396,V,6.69417119954194
396,W,6.65020079277406
396,Y,6.56450856389987
397,A,6.49453254513911
397,C,6.47442879098361
397,D,6.72294916864608
397,E,6.57459879081016
397,F,6.57310303030303
397,G,6.58130453489373
397,H,6.61690423728814
397,I,6.56960107149029
397,K,6.71117713914597
397,L,6.72020382630454
397,M,6.65001614605974
397,N,6.63674121078758
397,P,6.546823905463
397,Q,6.72416797415782
397,R,6.7127035239915704
397,S,6.36455077496945
397,T,6.24383933845245
397,W,6.53167980897379
397,Y,6.70962912621359
398,A,6.53724293909974
398,C,6.60911411411411
398,D,6.57791805046366
398,E,6.47058355267381
398,F,6.58727296691709
398,G,6.41302284071001
398,H,6.51038038352719
398,I,6.64761639903113
398,K,6.52250752349646
398,M,6.36328782651553
398,N,6.59288679334692
398,P,6.48479189092214
398,Q,6.39078045544992
398,R,6.34873013100437
398,S,6.44502318691228
398,T,6.60086333982886
398,V,6.62041132075472
398,W,6.25
398,Y,6.42686910453547
399,A,6.51383118662647
399,C,6.63285660542981
399,E,6.57973001668436
399,F,6.2337648456057
399,G,6.44134486655655
399,H,6.81
399,I,6.55846064692867
399,K,6.62440089406881
399,L,6.64500563755638
399,M,6.59664899333668
399,N,6.70558232111871
399,P,6.63778666666667
399,Q,6.58550193881947
399,R,6.5521186440678
399,S,6.42046327232833
399,T,6.55335166545605
399,V,6.55940838323353
399,W,6.51869054457721
399,Y,6.71986937917574
400,A,6.42443436176648
400,C,6.34182932252804
400,D,6.45086470190465
400,E,6.51064139354579
400,F,6.49617664551943
400,G,6.41653754140596
400,H,6.45
400,I,6.30476659593816
400,K,6.52637326721515
400,L,6.37990374974935
400,M,6.45250558484496
400,N,6.23533122315171
400,P,6.56234281718926
400,Q,6.4839007303622
400,R,6.52333601789709
400,T,6.5238022156174
400,V,6.43544735198168
400,W,6.31079613361606
400,Y,6.64361925902436
401,A,6.53786498541774
401,C,6.39557727737973
401,E,6.35817602779386
401,F,6.50017119940687
401,G,6.2668220787978
401,H,6.45007704957973
401,I,6.42408687068114
401,K,6.38494331274772
401,L,6.55201595424443
401,M,6.42947201689546
401,N,6.53642058994863
401,P,6.53555741719294
401,Q,6.48028982961532
401,R,6.4215941286909
401,S,6.57316730240397
401,T,6.32542544403139
401,V,6.44666527065229
401,W,6.67035236320515
401,Y,6.47834617553092
402,A,6.50915058864874
402,C,6.51822400274219
402,D,6.52296224211755
402,E,6.53768746557558
402,F,6.3731359025625
402,H,6.52235258684158
402,I,6.59466221232368
402,K,6.36338028169014
402,L,6.59158971096164
402,M,6.5075488
402,N,6.49190205644414
402,P,6.2960639088432
402,Q,6.54876523963705
402,R,6.55384876350326
402,S,6.44654176280572
402,T,6.32378557274759
402,V,6.46543367615571
402,W,6.53761188216966
402,Y,6.45450274467138
403,A,6.48330236718965
403,C,6.25679861111111
403,D,6.47268798200514
403,E,6.40780568895456
403,F,6.44510504305043
403,G,6.3871955798734
403,H,6.33844071588367
403,I,6.52562176803743
403,K,6.36559661042828
403,L,6.35878339404979
403,M,6.46705536447354
403,N,6.31635106981051
403,P,6.32675990030462
403,Q,6.38620937637242
403,R,6.28431899229265
403,T,6.57537752890173
403,V,6.41555079944605
403,W,6.39991335028278
403,Y,6.29431945911684
404,A,6.54121602288984
404,C,6.55719364179656
404,D,6.69776710684274
404,E,6.69654146232724
404,G,6.56280448558442
404,H,6.55824187939954
404,I,6.75
404,K,6.82276806258629
404,L,6.67748349723831
404,M,6.71757095890411
404,N,6.64332849891225
404,P,6.78101467657184
404,Q,6.72237298494919
404,R,6.73421142826541
404,S,6.71455354958657
404,T,6.4942037815126
404,V,6.56049243792908
404,W,6.54755014210313
404,Y,6.30799160671463
405,A,6.489624790324
405,C,6.2967866419295
405,D,6.75511827506804
405,E,6.89434005152296
405,G,6.44383471631355
405,H,6.56231833133971
405,I,6.62295537178299
405,K,6.07502240143369
405,L,6.33850675975177
405,M,6.24439193151167
405,N,6.68266576687821
405,P,6.23648591049017
405,Q,6.43661813490601
405,R,6.22283677833214
405,S,6.74122003424657
405,T,6.55725651577503
405,V,6.44806102471279
405,W,6.73048738248392
405,Y,6.4717232434035
406,A,6.05849448479957
406,C,6.10221198901276
406,D,6.11589935634874
406,E,6.32881728006938
406,F,6.85320799222978
406,G,6.12676575240919
406,H,6.60378814298169
406,I,6.18768169239732
406,K,6.48635954333494
406,M,6.49185337126977
406,N,6.40363805970149
406,P,6.12904417670683
406,Q,6.52437956436147
406,R,6.54158619080942
406,S,6.12801870103614
406,T,6.11127668100903
406,V,6.11074018225923
406,W,6.6492750848014
406,Y,6.79231027437245
407,A,6.3181979206777
407,C,6.19024881587625
407,D,6.08715053419487
407,E,5.9512842547125
407,F,6.23941120267527
407,G,6.30066371681416
407,H,6.42020931529066
407,I,6.54255094173367
407,K,5.98445410380977
407,L,6.54670857483805
407,M,6.48396225367749
407,N,5.8503529676259
407,P,6.24069295277328
407,Q,6.31699082073434
407,R,6.10630462724936
407,S,6.289041133835
407,T,6.405466562986
407,V,6.49973178199632
407,W,6.67570568985538
408,A,6.31120348075867
408,C,6.47071963890308
408,D,6.40451169085031
408,E,6.61833896124779
408,F,6.77038602859799
408,G,6.30533530837598
408,H,6.63177692588536
408,I,6.67966181394124
408,K,6.88800387433673
408,L,6.71755680685669
408,M,6.69
408,N,6.11858429434377
408,P,6.51695218539161
408,Q,6.74957575138009
408,R,6.74310600383046
408,T,6.5732181058298504
408,V,6.57654999694582
408,W,6.58620004893166
408,Y,6.77829457364341
409,A,6.57116883116883
409,C,6.46469172156279
409,D,6.55324110193837
409,E,6.52329661594367
409,F,6.53661837009964
409,G,6.50381247746123
409,H,6.49722879202502
409,I,6.67484853156556
409,L,6.69004982668978
409,M,6.51269894811593
409,N,6.17498225377107
409,P,6.43818691483994
409,Q,6.55557161377059
409,R,6.55
409,S,6.59006145938094
409,T,6.55233890318921
409,V,6.61476999140155
409,W,6.68965626005793
409,Y,6.45285518435674
410,A,6.29816395283549
410,C,6.2896962756423
410,D,6.34040450606586
410,E,6.3729801000435
410,F,6.51744058908847
410,G,6.18753285704657
410,H,6.55694923006556
410,I,6.49189576858714
410,K,6.22271203155819
410,M,6.33303747043446
410,N,6.16874548308209
410,P,6.35
410,Q,6.42759949885154
410,R,6.58357798496675
410,S,6.26750036409534
410,T,6.15848778458063
410,V,6.35657359152998
410,W,6.47492948408872
410,Y,6.57933511450382
411,A,6.43629235996167
411,C,6.38432504491972
411,D,6.51491255605381
411,E,6.42272254120368
411,F,6.30241824677109
411,G,6.5
411,H,6.37650731881471
411,I,6.24039786096257
411,K,6.38949629809443
411,L,6.14506993006993
411,M,6.50215947394596
411,N,6.47800034182191
411,P,6.4994117999401
411,Q,6.34888510754152
411,R,6.45344571317979
411,S,6.42266895851238
411,V,6.40830370746572
411,W,6.38473664105938
411,Y,6.30822591145833
412,A,6.42973315394102
412,C,6.68
412,D,6.4941686629186
412,E,6.46388930581614
412,F,6.52662890341322
412,G,6.51933387152013
412,H,6.33508168173149
412,I,6.36861796407186
412,K,6.30357497432386
412,L,6.48493597274436
412,M,6.36910686827268
412,N,6.48280698954759
412,P,6.48453314961906
412,Q,6.44865881525751
412,R,6.5111717397375
412,S,6.26908680068568
412,T,6.32515791513273
412,W,6.32513595329477
412,Y,6.35859428431851
413,A,6.41907116104869
413,C,5.88065392156863
413,E,6.49066733022667
413,F,6.35028828646571
413,G,6.57960914598397
413,H,6.45979017199017
413,I,6.40434103235104
413,K,6.46743814359268
413,L,6.53012934460583
413,M,6.44958631178707
413,N,6.42957823216461
413,P,6.46633812648332
413,Q,6.32396725322292
413,R,6.36338590376852
413,S,6.51706380898052
413,T,6.25002117298327
413,V,6.25305407463823
413,W,6.40478406222283
413,Y,6.40888568067586
414,A,6.57847129238269
414,C,6.50127195102304
414,D,6.40396838602329
414,E,6.5105893457246
414,F,6.39158369450627
414,G,6.49846239512956
414,H,6.33529598939344
414,I,6.37792703763565
414,L,6.55489379262413
414,M,6.36257126491003
414,N,6.27446009389671
414,P,6.44436907054711
414,Q,6.54296189109657
414,R,6.39761569894517
414,S,6.59990399205452
414,T,6.44887641146544
414,V,6.85
414,W,6.38134830810759
414,Y,6.42014088198676
415,A,6.40061024632227
415,C,5.9242982891148
415,D,6.62204796683774
415,E,6.43173174872665
415,F,6.47131242094612
415,G,6.34425180831826
415,H,6.26976359046974
415,I,6.3740187896201
415,K,6.44435647064022
415,L,6.30708115183246
415,M,6.38546357422446
415,N,6.45906812735365
415,P,6.33151240266517
415,Q,6.46285552811153
415,R,5.9931159969674
415,T,6.40084592145015
415,V,6.43808876782567
415,W,6.32944544829868
415,Y,6.51028
416,A,6.52051063829787
416,C,6.48453974063171
416,D,6.49651414367736
416,E,6.38700440027312
416,F,6.39958365112836
416,G,6.39280915970976
416,H,6.52717536213306
416,I,6.55952447038655
416,K,6.43500552638851
416,L,6.5
416,M,6.51425400331309
416,N,6.39394076999013
416,P,6.64409318821084
416,Q,6.3687153259362
416,S,6.35981606101391
416,T,6.53446150431018
416,V,6.47526498962022
416,W,6.52714449729375
416,Y,6.41528634703551
417,A,6.40772833198889
417,C,6.34755665328805
417,D,6.5780531591488
417,E,6.47115238611714
417,F,6.46946997379397
417,G,6.35498983586809
417,H,6.39375072296125
417,I,6.49951084337349
417,K,6.39534825870647
417,L,6.28332441746824
417,M,6.33382441584229
417,N,6.45597453566376
417,P,6.28597080379671
417,Q,6.42619686800895
417,R,6.47764513247991
417,S,6.37874216366623
417,T,6.31714599252154
417,V,6.2729144776505
417,Y,6.44546353128737
418,A,6.38106297332333
418,C,6.30856123489151
418,D,6.31748866261658
418,E,6.4837916393386
418,F,6.24575273828944
418,G,6.22084909810823
418,H,6.12748113453031
418,I,6.49333333333333
418,K,6.50830940124628
418,L,6.37857272466813
418,M,6.46485529245092
418,N,6.37087408067751
418,P,6.55097816196542
418,R,6.38933535551789
418,S,6.4683662885826
418,T,6.48953649529026
418,V,6.33385408222351
418,W,6.46557756160075
418,Y,6.36983796406615
419,A,6.54143527712584
419,C,6.30630520201589
419,D,6.54771873836498
419,E,6.3225663472171
419,F,6.37574489318572
419,G,6.54050906328015
419,H,6.29804750170398
419,I,6.25952367205543
419,K,6.32931350251377
419,L,6.39522334490696
419,M,6.38273792628036
419,N,6.43759334430426
419,P,6.37923293675642
419,R,6.24976535541753
419,S,6.40400731694749
419,T,6.53115768010874
419,V,6.36445384615385
419,W,6.28336701187168
419,Y,6.38832450038644
420,A,6.50401475519785
420,C,6.4620476519337
420,D,6.55
420,E,6.47899482473457
420,F,6.4160889634914
420,H,6.54726117366087
420,I,6.51555622889793
420,K,6.32443126022913
420,L,6.34936160510716
420,M,6.49640496960085
420,N,6.34818835616438
420,P,6.48917408697897
420,Q,6.45780263157895
420,R,6.40698373096315
420,S,6.46990453756509
420,T,6.47722900987196
420,V,6.35009263135859
420,W,6.24960755949603
420,Y,6.5469173269547
421,A,6.41434394904459
421,C,6.61124242703816
421,D,6.43701221840397
421,E,6.42392455294354
421,F,6.48516129032258
421,G,6.3855365755627
421,H,6.50668472990702
421,I,6.53747760716571
421,K,6.46657712577676
421,L,6.45891156135971
421,M,6.5336598067737
421,P,6.3756952028900296
421,Q,6.37970937578974
421,R,6.44693829817093
421,S,6.35
421,T,6.5035931283906
421,V,6.47113499397348
421,W,6.34458463563086
421,Y,6.50639841119074
422,A,6.49798480407282
422,C,6.49150071292776
422,D,6.30109471709909
422,E,6.60557875288684
422,F,6.59306186772406
422,G,6.4317673453508
422,H,6.45653760127243
422,I,6.53408470359808
422,K,6.53394847344939
422,L,6.29125940419434
422,M,6.50820420576345
422,N,6.65823437703001
422,P,6.55802482065246
422,Q,6.39150410916421
422,R,6.54797888663843
422,S,6.54756289978678
422,T,6.43314450950106
422,W,6.50430985080526
422,Y,6.43729397719061
423,A,6.49314118331023
423,C,6.51
423,D,6.18636372370064
423,E,6.55619782683684
423,G,6.45080528080825
423,H,6.49183667858125
423,I,6.62188102297999
423,K,6.3156376544833
423,L,6.46352518591273
423,M,6.51529104047524
423,N,6.22259092098378
423,P,6.51613813311009
423,Q,6.36126734372765
423,R,6.34461335636678
423,S,6.57082042695689
423,T,6.56885174418605
423,V,6.30045883761138
423,W,6.5278163019396
423,Y,6.48260911881411
424,A,6.50306307283475
424,C,6.31373945409429
424,D,6.21941748832382
424,E,6.20663321851131
424,F,6.36753289053519
424,G,6.5299173598358
424,H,6.37943273542601
424,I,6.29902619333533
424,K,6.46485894097222
424,L,6.41049862793655
424,M,6.32578604008293
424,N,6.51472389055722
424,P,6.37557566116524
424,Q,6.28459292916719
424,R,6.42103080890336
424,T,6.29574821852732
424,V,6.31622620215898
424,W,6.29491374407583
424,Y,6.16184015852048
425,A,6.47464380545301
425,D,6.37700787812386
425,E,6.25407729850943
425,F,6.92343617664852
425,G,6.30388591597404
425,H,6.5518399151436
425,I,6.44488690086552
425,K,6.3312277647415
425,L,6.46852566110341
425,M,6.38638973902398
425,N,6.27510784763653
425,P,6.29275389939315
425,Q,6.03517362200607
425,R,6.18894485176921
425,S,6.38071960297767
425,T,6.3
425,V,6.54676675062972
425,W,6.13668296448791
425,Y,6.67194567588488
426,A,6.4825460083767
426,C,6.32705707878174
426,D,6.63931892315052
426,E,6.1639830054352
426,F,6.34469248120301
426,G,6.35814543679844
426,H,6.37301199078853
426,I,6.63084537888743
426,K,6.5039888093829
426,L,6.4637729290805
426,M,6.60278579789309
426,N,6.44729779770025
426,P,6.30193989071038
426,Q,6.41342587527352
426,R,6.48863733743701
426,T,6.39182912154031
426,V,6.51434626582707
426,W,6.40075149583767
426,Y,6.2472571844307
427,A,6.36557623193036
427,C,6.33816522715073
427,D,6.07920363770431
427,E,6.00842522060487
427,F,6.52668625346065
427,G,6.35272305199071
427,H,6.35057948204321
427,I,6.41228658536585
427,K,6.02115639420661
427,L,6.11586404330627
427,M,6.37339790337283
427,N,6.27603294870012
427,P,6.29625084573748
427,Q,6.36574463251164
427,R,6.01549310389554
427,S,6.44975636490459
427,T,6.20112966933755
427,W,6.64934929477302
427,Y,6.02807297605473
428,A,6.52518119490695
428,C,6.34095466191378
428,D,6.65410341179582
428,E,6.85
428,F,6.46363777893098
428,G,6.36419685530235
428,H,6.51420485175202
428,I,6.39380934559452
428,K,6.34181661562021
428,L,6.60018576032816
428,N,6.67313652790163
428,P,6.52590136706273
428,Q,6.49192281066113
428,R,6.61719768786127
428,S,6.37241804320203
428,T,6.4019841068828
428,V,6.42104710003893
428,W,6.64286038196564
428,Y,6.53758142434159
429,A,6.36
429,C,6.11123023005032
429,D,5.89778658789386
429,E,5.84956756756757
429,F,6.34838161721931
429,G,6.07073769818451
429,I,5.6681951975213
429,K,5.88998293391431
429,L,5.89412975886133
429,M,6.02404592102974
429,N,6.24013949780789
429,P,5.6894704552793
429,Q,6.42672137807752
429,R,6.04292493328692
429,S,5.9652827707146
429,T,5.96731541642056
429,V,5.80565181307457
429,W,6.06568682745826
429,Y,6.03216232328394
430,A,6.55290126900014
430,C,6.33396852229671
430,D,6.41017330667077
430,F,6.17690217141808
430,G,6.52584505418492
430,H,6.60480713874496
430,I,6.14091127226192
430,K,6.16110410958904
430,L,6.54681071348188
430,M,6.59606678583035
430,N,6.60267311946903
430,P,6.59210726016537
430,Q,6.5467479284256
430,R,6.37164240779573
430,S,6.66585085682004
430,T,6.29439741832305
430,V,6.29893209019374
430,W,6.16409872779869
430,Y,6.29104125928823
431,A,NA
432,A,6.3566873696618
432,C,6.11629902782434
432,D,6.20055428159602
432,E,6.39217512445204
432,F,6.48
432,G,6.45473869126043
432,H,6.27935483870968
432,I,6.48801214923614
432,K,6.03879352163367
432,M,6.40274666172107
432,N,6.23124263431543
432,P,6.15707361713666
432,Q,6.14666186635945
432,R,6.18116317045597
432,S,6.15296802012217
432,T,6.43986467467793
432,V,6.39343388162799
432,W,6.35440952695997
432,Y,6.30142326732673
433,A,6.44188483728225
433,C,6.46430852503383
433,D,6.54288237760772
433,E,6.61331639375118
433,F,6.33324796010879
433,G,6.48688441410089
433,I,6.5189851784634
433,K,6.53140376584365
433,L,6.58092364817823
433,M,6.52268384074941
433,N,6.4335120882687
433,P,6.45296519008485
433,Q,6.33215705889709
433,R,6.40908949011446
433,S,6.56024432809773
433,T,6.57852512893114
433,V,6.54919749706688
433,W,6.4544548211455
433,Y,6.39309757838669
434,A,6.55475198412698
434,C,6.53153373240576
434,D,6.34507412113511
434,E,6.42720643494598
434,F,6.48242785738087
434,G,6.4465418227216
434,H,6.36574009308686
434,I,6.26745081791118
434,K,6.36853501140901
434,L,6.10860061772392
434,P,6.13266989360682
434,Q,6.332260286725
434,R,6.50247642971324
434,S,6.54999325842697
434,T,6.42006291461588
434,W,6.20285266243949
434,Y,6.21440073157444
435,A,6.09613120337334
435,C,6.18293796864349
435,D,6.01491066652402
435,E,5.99870381855232
435,F,6.46536795593864
435,G,6.33111909778163
435,I,5.8327437613096
435,K,6.33146881950737
435,L,6.3111801242236
435,M,6.27101862348178
435,N,5.87222416224565
435,P,5.96141262663843
435,Q,6.33954743784881
435,R,6.54116421184582
435,S,6.0500185665529
435,T,6.01730079537238
435,V,5.8
435,W,6.60764323395902
435,Y,6.26545845272206
436,A,6.51866475680389
436,C,6.21665617665884
436,D,6.50672707889126
436,E,6.35842032806093
436,F,6.55984004111393
436,G,6.48244468085106
436,H,6.23361571596397
436,I,6.21832229321766
436,K,6.4075483026710804
436,L,6.56928265599775
436,M,6.61655258358663
436,N,6.32293892053466
436,P,6.04198594847775
436,Q,6.51171904984181
436,R,6.2736942952533
436,S,6.50976523031204
436,T,6.63440412943733
436,V,6.31225404205854
436,W,6.28871503525716
437,A,6.38073999327279
437,C,6.2519426974144
437,D,6.52882398109864
437,E,6.47337723841942
437,F,6.45547230769231
437,G,6.55320460358056
437,H,6.55287990319653
437,I,6.48962897157191
437,K,6.54548128481441
437,L,6.48536151397996
437,M,6.46024298872697
437,N,6.51
437,P,6.22153692393115
437,Q,6.59941294051188
437,R,6.37155424836601
437,S,6.51885095131344
437,V,6.57397340833547
437,W,6.3402320944737
437,Y,6.34637151898734
438,A,6.52643297380585
438,C,6.37
438,D,6.30138299562972
438,E,6.39465784273174
438,F,6.25379716024341
438,G,6.37951307086614
438,H,6.41341040462428
438,I,6.47427792759194
438,K,6.58584783377195
438,L,6.64858598043158
438,M,6.41621189435228
438,N,6.53453675688936
438,P,6.5350065631648
438,R,6.55393791364639
438,S,6.54015775034294
438,T,6.50495225674228
438,V,6.23186666666667
438,W,6.15495330665142
438,Y,6.29396261877415
439,A,6.40066795483822
439,C,6.6258507223114
439,D,6.40050088783664
439,E,6.40928373222338
439,F,6.29773848183479
439,G,6.43514090256468
439,H,6.41688420533678
439,I,6.36958535598706
439,L,6.5120987755102
439,M,6.42851199370822
439,N,6.32223940435281
439,P,6.7048126258362
439,Q,6.28321173104435
439,R,6.34419193144151
439,S,6.54
439,T,6.34739518528537
439,V,6.46532214209717
439,W,6.37844188127672
439,Y,6.29207473452214
440,A,6.38747785334629
440,C,6.27343472317157
440,D,6.29780424689855
440,E,6.46507115320546
440,F,6.54801233173303
440,G,6.42964991624791
440,H,6.41117845117845
440,I,6.47410453060645
440,K,6.39977907854985
440,L,6.53366345311131
440,M,6.24445144324853
440,N,6.18423888076843
440,P,6.4647471636953
440,Q,6.39306970872035
440,R,6.38240055248619
440,T,6.36022995522996
440,V,6.50167024064808
440,W,6.32810180490773
440,Y,6.50032223940109
441,A,6.59978322551356
441,C,6.56799671592775
441,D,6.644630988347
441,E,6.47510273535543
441,F,6.62857182531417
441,G,6.38131625441696
441,H,6.44238832638475
441,I,6.36711102095227
441,K,6.02323699572605
441,M,6.4499687644609
441,N,6.35130889081241
441,P,6.61470386266094
441,Q,6.43581126031785
441,R,6.28379905291332
441,S,6.44322916666667
441,T,6.63440633476245
441,V,6.28337714494341
441,W,6.34354362308371
441,Y,6.3266628598126
442,A,6.46934844192635
442,C,6.54023529411765
442,D,6.42888508170796
442,E,6.33631567155819
442,F,6.47103104637792
442,G,6.55935900913118
442,H,6.4358160459885
442,I,6.51071845353868
442,K,6.43028237929612
442,L,6.58640737290391
442,M,6.46087745929696
442,N,6.5175555180750004
442,P,6.564438865177
442,Q,6.27954374893399
442,R,6.36290715023528
442,T,6.45309834123223
442,V,6.36858625688605
442,W,6.52012778256681
442,Y,6.30120066472788
443,A,6.63458325044758
443,C,6.4598225397557
443,D,6.57042341544711
443,E,6.63111498108015
443,F,6.49546754299859
443,G,6.6278182448838
443,H,6.32654990145135
443,I,6.54513442867812
443,K,6.29052970130887
443,M,6.42048012764723
443,N,6.43060985446256
443,P,6.49108778625954
443,Q,6.49801678190723
443,R,6.40859719438878
443,S,6.35054058192956
443,T,6.58499791202673
443,V,6.51954698632775
443,W,6.53891471099832
443,Y,6.52495690369634
444,A,6.5235
444,C,6.70164611373406
444,D,6.52936579044798
444,E,6.26341818181818
444,F,6.36378240285004
444,G,6.54049291784702
444,H,6.31501475304682
444,I,6.49517576254958
444,K,6.44728879243528
444,L,6.38002322097378
444,M,6.45152085156022
444,N,6.43014997143401
444,P,6.45202666960547
444,Q,6.57593216055
444,R,6.39132632130232
444,T,6.60874399531342
444,V,6.38717147435897
444,W,6.41537631005135
444,Y,6.29987439450265
445,A,6.27192297186561
445,C,6.33003281378179
445,D,6.42334962587497
445,E,6.50164336796256
445,F,6.40701704945752
445,G,6.42096582907123
445,H,6.47627152988855
445,I,6.47068160345526
445,K,6.46911722141823
445,L,6.47141245328256
445,M,6.35803351093662
445,N,6.31722430090587
445,Q,6.36589042007856
445,R,6.59996659634318
445,S,6.66919053865358
445,V,6.50837827225131
445,W,6.54950586264657
445,Y,6.50034238928173
446,A,6.40711584185789
446,C,6.458291911925
446,D,6.0842414403778
446,E,6.15488958990536
446,F,6.35653184327454
446,H,6.51582955741682
446,I,6.40616601903475
446,K,6.28909666554395
446,L,6.26
446,M,6.44243980272701
446,N,6.43029581529581
446,P,6.04
446,Q,6.46878942528736
446,R,6.41282240340305
446,S,6.48956570073371
446,T,6.35725768671984
446,V,6.43684896682094
446,W,6.35356497418244
446,Y,6.4689164556962
447,A,6.41591521164873
447,C,6.43690864664617
447,D,6.32497088961341
447,E,6.43222140137523
447,F,6.4375379154566
447,G,6.40377033390411
447,H,6.3887100953086
447,I,6.57288128681468
447,L,6.5509565959262
447,M,6.43798297366858
447,N,6.44998434386564
447,P,6.53277183600713
447,Q,6.49760826336721
447,R,6.41469656992084
447,S,6.37880007920269
447,T,6.48224622910722
447,V,6.50911950910685
447,W,6.49848411612264
447,Y,6.52717889584412
